timestamp,query_type,zone_id,cache_key,hit,latency_ms,source
1780468895.4399638,Q3,Z1,density:Z1:conf=0.773,False,6.4172,engine
1780468895.446027,Q2,Z5,area:Z5:conf=0.58,False,6.0471,engine
1780468895.4506454,Q1,Z5,count:Z5:conf=0.0,False,4.5729,engine
1780468895.4516647,Q2,Z5,area:Z5:conf=0.58,True,0.9711,cache
1780468895.4564104,Q2,Z5,area:Z5:conf=0.242,False,4.6948,engine
1780468895.460868,Q3,Z2,density:Z2:conf=0.354,False,4.4132,engine
1780468895.461725,Q2,Z5,area:Z5:conf=0.242,True,0.8147,cache
1780468895.4625359,Q3,Z1,density:Z1:conf=0.773,True,0.7632,cache
1780468895.4633572,Q3,Z1,density:Z1:conf=0.773,True,0.7804,cache
1780468895.4680889,Q5,Z2,confidence_dist:Z2:bins=5,False,4.6883,engine
1780468895.4717405,Q4,Z1,compare:density:Z1:Z3:conf=0.612,False,3.5991,engine
1780468895.472806,Q2,Z5,area:Z5:conf=0.242,True,1.0449,cache
1780468895.4736404,Q2,Z5,area:Z5:conf=0.58,True,0.8058,cache
1780468895.4786036,Q2,Z4,area:Z4:conf=0.708,False,4.9194,engine
1780468895.4831984,Q1,Z1,count:Z1:conf=0.354,False,4.5513,engine
1780468895.4840822,Q2,Z5,area:Z5:conf=0.58,True,0.824,cache
1780468895.4849553,Q2,Z5,area:Z5:conf=0.242,True,0.83,cache
1780468895.4857848,Q2,Z5,area:Z5:conf=0.242,True,0.7887,cache
1780468895.4866307,Q2,Z5,area:Z5:conf=0.58,True,0.806,cache
1780468895.487447,Q3,Z1,density:Z1:conf=0.773,True,0.7765,cache
1780468895.4882805,Q2,Z5,area:Z5:conf=0.58,True,0.7937,cache
1780468895.4931283,Q3,Z1,density:Z1:conf=0.708,False,4.8078,engine
1780468895.4939756,Q1,Z5,count:Z5:conf=0.0,True,0.8001,cache
1780468895.498913,Q3,Z1,density:Z1:conf=0.66,False,4.8975,engine
1780468895.4997995,Q2,Z5,area:Z5:conf=0.242,True,0.842,cache
1780468895.5006723,Q2,Z5,area:Z5:conf=0.58,True,0.8316,cache
1780468895.5056462,Q1,Z4,count:Z4:conf=0.757,False,4.9315,engine
1780468895.5104554,Q2,Z4,area:Z4:conf=0.419,False,4.754,engine
1780468895.5113626,Q2,Z5,area:Z5:conf=0.242,True,0.8626,cache
1780468895.5162063,Q3,Z1,density:Z1:conf=0.757,False,4.7781,engine
1780468895.5170555,Q2,Z5,area:Z5:conf=0.58,True,0.801,cache
1780468895.5206883,Q4,Z2,compare:density:Z2:Z3:conf=0.048,False,3.591,engine
1780468895.5216086,Q2,Z5,area:Z5:conf=0.58,True,0.8764,cache
1780468895.5224457,Q2,Z5,area:Z5:conf=0.58,True,0.8043,cache
1780468895.5232897,Q3,Z2,density:Z2:conf=0.354,True,0.8016,cache
1780468895.5241678,Q2,Z5,area:Z5:conf=0.58,True,0.8358,cache
1780468895.5250084,Q2,Z5,area:Z5:conf=0.58,True,0.798,cache
1780468895.5258493,Q2,Z5,area:Z5:conf=0.58,True,0.7994,cache
1780468895.5268037,Q2,Z5,area:Z5:conf=0.242,True,0.9099,cache
1780468895.5312738,Q3,Z1,density:Z1:conf=0.242,False,4.427,engine
1780468895.532114,Q2,Z5,area:Z5:conf=0.58,True,0.7955,cache
1780468895.5357442,Q4,Z3,compare:density:Z3:Z4:conf=0.564,False,3.5879,engine
1780468895.5403416,Q3,Z5,density:Z5:conf=0.032,False,4.5522,engine
1780468895.5412285,Q2,Z5,area:Z5:conf=0.58,True,0.8527,cache
1780468895.5420802,Q2,Z5,area:Z5:conf=0.58,True,0.7961,cache
1780468895.546065,Q4,Z1,compare:density:Z1:Z5:conf=0.386,False,3.942,engine
1780468895.5469875,Q3,Z5,density:Z5:conf=0.032,True,0.8753,cache
1780468895.5478232,Q3,Z2,density:Z2:conf=0.354,True,0.8059,cache
1780468895.5486584,Q3,Z1,density:Z1:conf=0.66,True,0.7921,cache
1780468895.5494876,Q2,Z5,area:Z5:conf=0.58,True,0.7792,cache
1780468895.5503418,Q2,Z5,area:Z5:conf=0.242,True,0.8118,cache
1780468895.5511932,Q1,Z4,count:Z4:conf=0.757,True,0.8097,cache
1780468895.552028,Q2,Z5,area:Z5:conf=0.58,True,0.7909,cache
1780468895.5556827,Q4,Z2,compare:density:Z2:Z3:conf=0.354,False,3.6119,engine
1780468895.5566552,Q2,Z5,area:Z5:conf=0.242,True,0.9259,cache
1780468895.557481,Q1,Z4,count:Z4:conf=0.757,True,0.795,cache
1780468895.5583405,Q2,Z5,area:Z5:conf=0.242,True,0.817,cache
1780468895.5591872,Q2,Z5,area:Z5:conf=0.58,True,0.8035,cache
1780468895.5600057,Q2,Z5,area:Z5:conf=0.58,True,0.7766,cache
1780468895.560837,Q2,Z5,area:Z5:conf=0.58,True,0.7898,cache
1780468895.5617623,Q1,Z4,count:Z4:conf=0.757,True,0.882,cache
1780468895.5626123,Q2,Z5,area:Z5:conf=0.58,True,0.8021,cache
1780468895.5634358,Q2,Z5,area:Z5:conf=0.58,True,0.7815,cache
1780468895.5642707,Q2,Z5,area:Z5:conf=0.58,True,0.7929,cache
1780468895.5650966,Q2,Z5,area:Z5:conf=0.58,True,0.7834,cache
1780468895.5659184,Q3,Z5,density:Z5:conf=0.032,True,0.7782,cache
1780468895.5667608,Q2,Z5,area:Z5:conf=0.242,True,0.7993,cache
1780468895.5717473,Q2,Z1,area:Z1:conf=0.886,False,4.9428,engine
1780468895.5726485,Q2,Z5,area:Z5:conf=0.58,True,0.8369,cache
1780468895.5735552,Q3,Z1,density:Z1:conf=0.773,True,0.8608,cache
1780468895.5744226,Q2,Z5,area:Z5:conf=0.242,True,0.8224,cache
1780468895.5752692,Q2,Z5,area:Z5:conf=0.242,True,0.8048,cache
1780468895.5811336,Q1,Z3,count:Z3:conf=0.757,False,5.819,engine
1780468895.5863411,Q2,Z4,area:Z4:conf=0.209,False,5.0761,engine
1780468895.5904064,Q4,Z1,compare:density:Z1:Z4:conf=0.644,False,3.9646,engine
1780468895.5913575,Q2,Z5,area:Z5:conf=0.58,True,0.8632,cache
1780468895.5922296,Q2,Z5,area:Z5:conf=0.58,True,0.8336,cache
1780468895.6094,Q3,Z1,density:Z1:conf=0.773,True,17.117,cache
1780468895.610581,Q2,Z5,area:Z5:conf=0.58,True,1.0365,cache
1780468895.6115324,Q2,Z4,area:Z4:conf=0.708,True,0.8628,cache
1780468895.6123862,Q3,Z2,density:Z2:conf=0.354,True,0.7996,cache
1780468895.6132355,Q3,Z2,density:Z2:conf=0.354,True,0.8047,cache
1780468895.6140873,Q1,Z5,count:Z5:conf=0.0,True,0.8079,cache
1780468895.6201901,Q1,Z3,count:Z3:conf=0.708,False,6.0581,engine
1780468895.6211193,Q2,Z5,area:Z5:conf=0.58,True,0.8478,cache
1780468895.621964,Q2,Z5,area:Z5:conf=0.58,True,0.7988,cache
1780468895.622804,Q3,Z2,density:Z2:conf=0.354,True,0.7941,cache
1780468895.6236377,Q2,Z5,area:Z5:conf=0.242,True,0.7893,cache
1780468895.6244965,Q2,Z5,area:Z5:conf=0.58,True,0.8155,cache
1780468895.6253543,Q2,Z5,area:Z5:conf=0.242,True,0.8137,cache
1780468895.6259494,Q4,Z2,compare:density:Z2:Z3:conf=0.354,True,0.5509,cache
1780468895.6268196,Q3,Z5,density:Z5:conf=0.032,True,0.8248,cache
1780468895.6276474,Q3,Z2,density:Z2:conf=0.354,True,0.7981,cache
1780468895.6284862,Q2,Z5,area:Z5:conf=0.58,True,0.7944,cache
1780468895.6293278,Q2,Z5,area:Z5:conf=0.58,True,0.7973,cache
1780468895.6301653,Q2,Z5,area:Z5:conf=0.242,True,0.793,cache
1780468895.631075,Q2,Z5,area:Z5:conf=0.58,True,0.8498,cache
1780468895.631938,Q3,Z2,density:Z2:conf=0.354,True,0.8161,cache
1780468895.6328688,Q3,Z1,density:Z1:conf=0.773,True,0.8851,cache
1780468895.6337616,Q2,Z5,area:Z5:conf=0.58,True,0.8479,cache
1780468895.634616,Q2,Z5,area:Z5:conf=0.58,True,0.8089,cache
1780468895.6355011,Q2,Z5,area:Z5:conf=0.58,True,0.8414,cache
1780468895.6394799,Q4,Z2,compare:density:Z2:Z4:conf=0.451,False,3.9314,engine
1780468895.6401188,Q4,Z3,compare:density:Z3:Z4:conf=0.564,True,0.5896,cache
1780468895.6413534,Q2,Z5,area:Z5:conf=0.58,True,1.2032,cache
1780468895.6452827,Q4,Z1,compare:density:Z1:Z5:conf=0.869,False,3.8934,engine
1780468895.646223,Q2,Z5,area:Z5:conf=0.242,True,0.8888,cache
1780468895.647066,Q2,Z5,area:Z5:conf=0.242,True,0.8107,cache
1780468895.6514125,Q1,Z5,count:Z5:conf=0.129,False,4.3011,engine
1780468895.6522777,Q2,Z5,area:Z5:conf=0.58,True,0.8097,cache
1780468895.653101,Q2,Z5,area:Z5:conf=0.58,True,0.7766,cache
1780468895.65395,Q3,Z2,density:Z2:conf=0.354,True,0.8033,cache
1780468895.654831,Q2,Z5,area:Z5:conf=0.58,True,0.8362,cache
1780468895.6556683,Q3,Z1,density:Z1:conf=0.773,True,0.7933,cache
1780468895.6565123,Q2,Z5,area:Z5:conf=0.58,True,0.7999,cache
1780468895.6573849,Q2,Z5,area:Z5:conf=0.58,True,0.8275,cache
1780468895.6583006,Q2,Z5,area:Z5:conf=0.58,True,0.8718,cache
1780468895.6591551,Q2,Z5,area:Z5:conf=0.242,True,0.8076,cache
1780468895.6599858,Q2,Z5,area:Z5:conf=0.58,True,0.7859,cache
1780468895.6608665,Q2,Z5,area:Z5:conf=0.58,True,0.8362,cache
1780468895.6614833,Q4,Z1,compare:density:Z1:Z5:conf=0.386,True,0.5688,cache
1780468895.6623485,Q2,Z5,area:Z5:conf=0.58,True,0.8175,cache
1780468895.663193,Q2,Z5,area:Z5:conf=0.58,True,0.8138,cache
1780468895.6640642,Q2,Z5,area:Z5:conf=0.58,True,0.8269,cache
1780468895.6649103,Q2,Z5,area:Z5:conf=0.58,True,0.7992,cache
1780468895.6657643,Q2,Z5,area:Z5:conf=0.58,True,0.8107,cache
1780468895.666421,Q4,Z3,compare:density:Z3:Z4:conf=0.564,True,0.5958,cache
1780468895.6672838,Q2,Z5,area:Z5:conf=0.58,True,0.8176,cache
1780468895.6722417,Q2,Z4,area:Z4:conf=0.081,False,4.9251,engine
1780468895.6768365,Q1,Z5,count:Z5:conf=0.338,False,4.5288,engine
1780468895.6777165,Q2,Z5,area:Z5:conf=0.58,True,0.8271,cache
1780468895.678579,Q2,Z5,area:Z5:conf=0.58,True,0.8164,cache
1780468895.6794376,Q2,Z5,area:Z5:conf=0.58,True,0.8122,cache
1780468895.6800294,Q4,Z3,compare:density:Z3:Z4:conf=0.564,True,0.5466,cache
1780468895.68094,Q2,Z5,area:Z5:conf=0.58,True,0.8641,cache
1780468895.6854882,Q3,Z1,density:Z1:conf=0.097,False,4.5173,engine
1780468895.6861014,Q4,Z2,compare:density:Z2:Z3:conf=0.354,True,0.5566,cache
1780468895.6869357,Q3,Z1,density:Z1:conf=0.66,True,0.7877,cache
1780468895.6877434,Q2,Z5,area:Z5:conf=0.242,True,0.7765,cache
1780468895.6922307,Q1,Z5,count:Z5:conf=0.467,False,4.442,engine
1780468895.6931098,Q2,Z5,area:Z5:conf=0.58,True,0.8101,cache
1780468895.6939592,Q2,Z5,area:Z5:conf=0.242,True,0.8037,cache
1780468895.694844,Q2,Z5,area:Z5:conf=0.58,True,0.8394,cache
1780468895.6993961,Q1,Z1,count:Z1:conf=0.258,False,4.5068,engine
1780468895.700295,Q3,Z2,density:Z2:conf=0.354,True,0.8456,cache
1780468895.7011292,Q2,Z4,area:Z4:conf=0.419,True,0.7885,cache
1780468895.7020702,Q2,Z5,area:Z5:conf=0.58,True,0.8836,cache
1780468895.7066138,Q1,Z3,count:Z3:conf=0.596,False,4.4974,engine
1780468895.707464,Q2,Z5,area:Z5:conf=0.242,True,0.7984,cache
1780468895.7082992,Q2,Z5,area:Z5:conf=0.242,True,0.7895,cache
1780468895.7129343,Q1,Z2,count:Z2:conf=0.547,False,4.5052,engine
1780468895.7138033,Q2,Z5,area:Z5:conf=0.58,True,0.8024,cache
1780468895.7146695,Q2,Z5,area:Z5:conf=0.242,True,0.8199,cache
1780468895.7155435,Q3,Z2,density:Z2:conf=0.354,True,0.8274,cache
1780468895.7164035,Q2,Z5,area:Z5:conf=0.58,True,0.8132,cache
1780468895.7172523,Q2,Z5,area:Z5:conf=0.58,True,0.7971,cache
1780468895.7180855,Q2,Z5,area:Z5:conf=0.58,True,0.7878,cache
1780468895.7189147,Q2,Z5,area:Z5:conf=0.58,True,0.784,cache
1780468895.723496,Q1,Z4,count:Z4:conf=0.37,False,4.5331,engine
1780468895.7243931,Q3,Z2,density:Z2:conf=0.354,True,0.8282,cache
1780468895.725253,Q2,Z5,area:Z5:conf=0.58,True,0.8142,cache
1780468895.7260811,Q2,Z5,area:Z5:conf=0.242,True,0.7823,cache
1780468895.726946,Q2,Z5,area:Z5:conf=0.242,True,0.8058,cache
1780468895.7276828,Q4,Z3,compare:density:Z3:Z4:conf=0.564,True,0.6897,cache
1780468895.7326224,Q2,Z3,area:Z3:conf=0.403,False,4.8909,engine
1780468895.737556,Q2,Z2,area:Z2:conf=0.853,False,4.8624,engine
1780468895.7384334,Q2,Z5,area:Z5:conf=0.242,True,0.8223,cache
1780468895.7392714,Q2,Z5,area:Z5:conf=0.58,True,0.7917,cache
1780468895.740135,Q2,Z5,area:Z5:conf=0.242,True,0.8166,cache
1780468895.741011,Q3,Z2,density:Z2:conf=0.354,True,0.8305,cache
1780468895.7421067,Q2,Z5,area:Z5:conf=0.242,True,1.0509,cache
1780468895.7429533,Q3,Z1,density:Z1:conf=0.773,True,0.7996,cache
1780468895.7439425,Q3,Z2,density:Z2:conf=0.354,True,0.9428,cache
1780468895.744915,Q2,Z5,area:Z5:conf=0.58,True,0.8731,cache
1780468895.7457657,Q2,Z5,area:Z5:conf=0.58,True,0.8048,cache
1780468895.7466347,Q2,Z5,area:Z5:conf=0.58,True,0.8231,cache
1780468895.7475266,Q2,Z5,area:Z5:conf=0.58,True,0.8466,cache
1780468895.7483935,Q2,Z5,area:Z5:conf=0.58,True,0.8211,cache
1780468895.7492378,Q2,Z4,area:Z4:conf=0.708,True,0.7979,cache
1780468895.7500656,Q2,Z5,area:Z5:conf=0.58,True,0.783,cache
1780468895.750904,Q2,Z5,area:Z5:conf=0.58,True,0.7931,cache
1780468895.7517755,Q3,Z2,density:Z2:conf=0.354,True,0.826,cache
1780468895.7523794,Q4,Z2,compare:density:Z2:Z3:conf=0.354,True,0.5581,cache
1780468895.7532046,Q2,Z5,area:Z5:conf=0.58,True,0.7791,cache
1780468895.7540348,Q3,Z5,density:Z5:conf=0.032,True,0.7992,cache
1780468895.7601504,Q5,Z5,confidence_dist:Z5:bins=8,False,6.0675,engine
1780468895.7612376,Q3,Z2,density:Z2:conf=0.354,True,0.9667,cache
1780468895.7621179,Q3,Z1,density:Z1:conf=0.773,True,0.8528,cache
1780468895.7629492,Q2,Z5,area:Z5:conf=0.58,True,0.7836,cache
1780468895.7662277,Q1,Z1,count:Z1:conf=0.918,False,3.2312,engine
1780468895.7670798,Q2,Z5,area:Z5:conf=0.242,True,0.8024,cache
1780468895.7709553,Q4,Z3,compare:density:Z3:Z5:conf=0.918,False,3.8454,engine
1780468895.771878,Q3,Z2,density:Z2:conf=0.354,True,0.8696,cache
1780468895.772702,Q2,Z5,area:Z5:conf=0.58,True,0.7915,cache
1780468895.7735384,Q2,Z5,area:Z5:conf=0.58,True,0.7892,cache
1780468895.7745268,Q3,Z1,density:Z1:conf=0.773,True,0.9422,cache
1780468895.7753866,Q3,Z2,density:Z2:conf=0.354,True,0.8115,cache
1780468895.7762082,Q2,Z5,area:Z5:conf=0.58,True,0.7755,cache
1780468895.777028,Q1,Z4,count:Z4:conf=0.757,True,0.7743,cache
1780468895.777875,Q3,Z1,density:Z1:conf=0.097,True,0.7998,cache
1780468895.7787068,Q2,Z5,area:Z5:conf=0.242,True,0.7854,cache
1780468895.7795403,Q2,Z5,area:Z5:conf=0.242,True,0.7883,cache
1780468895.780374,Q2,Z5,area:Z5:conf=0.58,True,0.7867,cache
1780468895.7812984,Q3,Z1,density:Z1:conf=0.708,True,0.8779,cache
1780468895.7821481,Q2,Z5,area:Z5:conf=0.58,True,0.7941,cache
1780468895.7827256,Q4,Z2,compare:density:Z2:Z3:conf=0.048,True,0.5318,cache
1780468895.7835507,Q2,Z5,area:Z5:conf=0.58,True,0.7775,cache
1780468895.7843883,Q3,Z2,density:Z2:conf=0.354,True,0.8052,cache
1780468895.7852612,Q2,Z5,area:Z5:conf=0.58,True,0.8253,cache
1780468895.7860842,Q2,Z5,area:Z5:conf=0.58,True,0.7773,cache
1780468895.7869287,Q3,Z1,density:Z1:conf=0.242,True,0.7913,cache
1780468895.7877488,Q2,Z5,area:Z5:conf=0.242,True,0.775,cache
1780468895.7885728,Q3,Z2,density:Z2:conf=0.354,True,0.7767,cache
1780468895.7931652,Q4,Z4,compare:density:Z4:Z5:conf=0.741,False,4.5442,engine
1780468895.7968946,Q4,Z3,compare:density:Z3:Z5:conf=0.644,False,3.6312,engine
1780468895.8016305,Q2,Z3,area:Z3:conf=0.242,False,4.699,engine
1780468895.8024817,Q2,Z5,area:Z5:conf=0.58,True,0.8106,cache
1780468895.803321,Q3,Z2,density:Z2:conf=0.354,True,0.7902,cache
1780468895.8078964,Q2,Z1,area:Z1:conf=0.435,False,4.5282,engine
1780468895.8087566,Q2,Z5,area:Z5:conf=0.58,True,0.8021,cache
1780468895.8095968,Q2,Z5,area:Z5:conf=0.58,True,0.7937,cache
1780468895.8143308,Q3,Z4,density:Z4:conf=0.853,False,4.6844,engine
1780468895.815211,Q2,Z5,area:Z5:conf=0.242,True,0.8026,cache
1780468895.8160546,Q3,Z2,density:Z2:conf=0.354,True,0.7958,cache
1780468895.8197327,Q4,Z4,compare:density:Z4:Z5:conf=0.097,False,3.6314,engine
1780468895.8203568,Q4,Z3,compare:density:Z3:Z4:conf=0.564,True,0.5684,cache
1780468895.8213527,Q2,Z5,area:Z5:conf=0.242,True,0.9563,cache
1780468895.8222387,Q2,Z5,area:Z5:conf=0.58,True,0.8427,cache
1780468895.8230708,Q2,Z5,area:Z5:conf=0.242,True,0.7824,cache
1780468895.8239002,Q2,Z5,area:Z5:conf=0.58,True,0.7742,cache
1780468895.828928,Q2,Z3,area:Z3:conf=0.853,False,4.9804,engine
1780468895.833521,Q1,Z1,count:Z1:conf=0.805,False,4.5393,engine
1780468895.8343756,Q2,Z5,area:Z5:conf=0.58,True,0.7975,cache
1780468895.835221,Q2,Z5,area:Z5:conf=0.58,True,0.7976,cache
1780468895.836079,Q1,Z3,count:Z3:conf=0.757,True,0.8089,cache
1780468895.836917,Q2,Z5,area:Z5:conf=0.58,True,0.7914,cache
1780468895.8377602,Q2,Z5,area:Z5:conf=0.242,True,0.7961,cache
1780468895.83861,Q2,Z5,area:Z5:conf=0.242,True,0.8034,cache
1780468895.8394768,Q1,Z3,count:Z3:conf=0.708,True,0.8197,cache
1780468895.840298,Q2,Z5,area:Z5:conf=0.58,True,0.7759,cache
1780468895.841186,Q3,Z1,density:Z1:conf=0.773,True,0.8389,cache
1780468895.842061,Q2,Z5,area:Z5:conf=0.58,True,0.8159,cache
1780468895.8429558,Q4,Z3,compare:density:Z3:Z4:conf=0.564,True,0.8478,cache
1780468895.8438232,Q2,Z5,area:Z5:conf=0.58,True,0.8197,cache
1780468895.8446603,Q2,Z5,area:Z5:conf=0.242,True,0.8044,cache
1780468895.8455005,Q2,Z5,area:Z5:conf=0.242,True,0.7926,cache
1780468895.8463311,Q2,Z5,area:Z5:conf=0.58,True,0.784,cache
1780468895.8471482,Q2,Z5,area:Z5:conf=0.58,True,0.7701,cache
1780468895.8479633,Q2,Z5,area:Z5:conf=0.58,True,0.7689,cache
1780468895.8487887,Q2,Z5,area:Z5:conf=0.58,True,0.7779,cache
1780468895.8496182,Q2,Z5,area:Z5:conf=0.58,True,0.7831,cache
1780468895.8536632,Q4,Z2,compare:density:Z2:Z4:conf=0.081,False,3.9956,engine
1780468895.8546414,Q2,Z5,area:Z5:conf=0.242,True,0.8786,cache
1780468895.8555212,Q3,Z4,density:Z4:conf=0.853,True,0.846,cache
1780468895.8591723,Q4,Z3,compare:density:Z3:Z5:conf=0.419,False,3.5989,engine
1780468895.8601065,Q2,Z5,area:Z5:conf=0.58,True,0.8734,cache
1780468895.8606784,Q4,Z3,compare:density:Z3:Z4:conf=0.564,True,0.5385,cache
1780468895.861292,Q4,Z1,compare:density:Z1:Z4:conf=0.644,True,0.5634,cache
1780468895.861869,Q4,Z3,compare:density:Z3:Z4:conf=0.564,True,0.5436,cache
1780468895.862691,Q2,Z5,area:Z5:conf=0.242,True,0.7884,cache
1780468895.8635094,Q2,Z5,area:Z5:conf=0.242,True,0.7861,cache
1780468895.8644006,Q2,Z5,area:Z5:conf=0.58,True,0.8442,cache
1780468895.8653073,Q3,Z2,density:Z2:conf=0.354,True,0.8365,cache
1780468895.870189,Q1,Z5,count:Z5:conf=0.628,False,4.8327,engine
1780468895.8754017,Q1,Z1,count:Z1:conf=0.741,False,5.1221,engine
1780468895.876331,Q2,Z5,area:Z5:conf=0.58,True,0.8398,cache
1780468895.877165,Q1,Z3,count:Z3:conf=0.708,True,0.7843,cache
1780468895.8780127,Q2,Z5,area:Z5:conf=0.58,True,0.7998,cache
1780468895.881771,Q4,Z2,compare:density:Z2:Z3:conf=0.386,False,3.7095,engine
1780468895.8826928,Q2,Z5,area:Z5:conf=0.58,True,0.8491,cache
1780468895.8835428,Q1,Z5,count:Z5:conf=0.129,True,0.8137,cache
1780468895.8843877,Q1,Z1,count:Z1:conf=0.805,True,0.7946,cache
1780468895.8852396,Q2,Z5,area:Z5:conf=0.58,True,0.8024,cache
1780468895.8860939,Q2,Z5,area:Z5:conf=0.58,True,0.8059,cache
1780468895.8869307,Q1,Z1,count:Z1:conf=0.805,True,0.7896,cache
1780468895.887794,Q2,Z5,area:Z5:conf=0.58,True,0.8117,cache
1780468895.888641,Q3,Z2,density:Z2:conf=0.354,True,0.796,cache
1780468895.8931525,Q1,Z3,count:Z3:conf=0.322,False,4.4631,engine
1780468895.894073,Q3,Z2,density:Z2:conf=0.354,True,0.8675,cache
1780468895.8949153,Q2,Z5,area:Z5:conf=0.242,True,0.7942,cache
1780468895.8957415,Q2,Z5,area:Z5:conf=0.242,True,0.7783,cache
1780468895.8965747,Q2,Z5,area:Z5:conf=0.58,True,0.7865,cache
1780468895.9011247,Q3,Z1,density:Z1:conf=0.113,False,4.5025,engine
1780468895.902044,Q2,Z5,area:Z5:conf=0.58,True,0.8118,cache
1780468895.9029148,Q2,Z5,area:Z5:conf=0.58,True,0.7837,cache
1780468895.9037611,Q2,Z5,area:Z5:conf=0.58,True,0.7982,cache
1780468895.9133542,Q5,Z4,confidence_dist:Z4:bins=15,False,9.5449,engine
1780468895.914376,Q2,Z5,area:Z5:conf=0.58,True,0.8975,cache
1780468895.915249,Q1,Z4,count:Z4:conf=0.37,True,0.8331,cache
1780468895.9161847,Q1,Z3,count:Z3:conf=0.708,True,0.8833,cache
1780468895.917021,Q1,Z5,count:Z5:conf=0.0,True,0.7866,cache
1780468895.9207032,Q4,Z2,compare:density:Z2:Z3:conf=0.419,False,3.6327,engine
1780468895.9251735,Q3,Z1,density:Z1:conf=0.451,False,4.4184,engine
1780468895.9287312,Q4,Z1,compare:density:Z1:Z3:conf=0.081,False,3.518,engine
1780468895.9297178,Q2,Z5,area:Z5:conf=0.58,True,0.9277,cache
1780468895.930603,Q2,Z3,area:Z3:conf=0.853,True,0.8481,cache
1780468895.9315228,Q3,Z2,density:Z2:conf=0.354,True,0.8715,cache
1780468895.9323752,Q3,Z2,density:Z2:conf=0.354,True,0.7953,cache
1780468895.9371133,Q2,Z3,area:Z3:conf=0.58,False,4.6896,engine
1780468895.9408453,Q4,Z2,compare:density:Z2:Z3:conf=0.081,False,3.6789,engine
1780468895.9421651,Q1,Z3,count:Z3:conf=0.708,True,1.1406,cache
1780468895.9430606,Q2,Z5,area:Z5:conf=0.242,True,0.8488,cache
1780468895.944169,Q2,Z5,area:Z5:conf=0.242,True,1.059,cache
1780468895.9450562,Q2,Z5,area:Z5:conf=0.58,True,0.8385,cache
1780468895.9459708,Q2,Z5,area:Z5:conf=0.58,True,0.8655,cache
1780468895.94683,Q2,Z5,area:Z5:conf=0.242,True,0.8092,cache
1780468895.94768,Q2,Z5,area:Z5:conf=0.58,True,0.801,cache
1780468895.948518,Q2,Z5,area:Z5:conf=0.58,True,0.7906,cache
1780468895.949373,Q3,Z1,density:Z1:conf=0.708,True,0.8065,cache
1780468895.9502127,Q2,Z5,area:Z5:conf=0.242,True,0.793,cache
1780468895.9547226,Q4,Z2,compare:density:Z2:Z5:conf=0.757,False,4.4608,engine
1780468895.9553692,Q4,Z3,compare:density:Z3:Z4:conf=0.564,True,0.5803,cache
1780468895.956262,Q2,Z5,area:Z5:conf=0.58,True,0.8589,cache
1780468895.9571013,Q2,Z5,area:Z5:conf=0.58,True,0.8061,cache
1780468895.9579325,Q2,Z5,area:Z5:conf=0.58,True,0.7842,cache
1780468895.9624758,Q3,Z2,density:Z2:conf=0.547,False,4.4928,engine
1780468895.9634209,Q2,Z5,area:Z5:conf=0.58,True,0.8512,cache
1780468895.9642684,Q2,Z5,area:Z5:conf=0.242,True,0.7937,cache
1780468895.968017,Q4,Z1,compare:density:Z1:Z4:conf=0.628,False,3.6996,engine
1780468895.9726927,Q2,Z5,area:Z5:conf=0.853,False,4.6223,engine
1780468895.9736001,Q2,Z5,area:Z5:conf=0.58,True,0.8658,cache
1780468895.974447,Q2,Z5,area:Z5:conf=0.58,True,0.7962,cache
1780468895.9753044,Q2,Z5,area:Z5:conf=0.58,True,0.8089,cache
1780468895.9763691,Q2,Z5,area:Z5:conf=0.58,True,1.008,cache
1780468895.9772272,Q2,Z5,area:Z5:conf=0.58,True,0.8097,cache
1780468895.978067,Q3,Z2,density:Z2:conf=0.354,True,0.7902,cache
1780468895.9807937,Q2,Z5,area:Z5:conf=0.934,False,2.6765,engine
1780468895.9816778,Q3,Z2,density:Z2:conf=0.354,True,0.8271,cache
1780468895.9822564,Q4,Z3,compare:density:Z3:Z4:conf=0.564,True,0.5555,cache
1780468895.9830966,Q2,Z5,area:Z5:conf=0.58,True,0.7899,cache
1780468895.9839253,Q2,Z4,area:Z4:conf=0.419,True,0.795,cache
1780468895.984538,Q4,Z3,compare:density:Z3:Z4:conf=0.564,True,0.5639,cache
1780468895.9891536,Q2,Z3,area:Z3:conf=0.596,False,4.5668,engine
1780468895.9933286,Q3,Z5,density:Z5:conf=0.902,False,4.1368,engine
1780468895.994325,Q2,Z5,area:Z5:conf=0.58,True,0.8618,cache
1780468895.9951732,Q2,Z5,area:Z5:conf=0.58,True,0.8026,cache
1780468895.996005,Q2,Z5,area:Z5:conf=0.58,True,0.7832,cache
1780468895.9968424,Q2,Z5,area:Z5:conf=0.242,True,0.7894,cache
1780468896.0019796,Q3,Z4,density:Z4:conf=0.741,False,5.0875,engine
1780468896.002911,Q2,Z5,area:Z5:conf=0.58,True,0.8063,cache
1780468896.0037768,Q3,Z1,density:Z1:conf=0.242,True,0.8025,cache
1780468896.004631,Q3,Z2,density:Z2:conf=0.354,True,0.8058,cache
1780468896.0054686,Q2,Z5,area:Z5:conf=0.58,True,0.7885,cache
1780468896.0063612,Q2,Z5,area:Z5:conf=0.58,True,0.8446,cache
1780468896.007225,Q3,Z1,density:Z1:conf=0.773,True,0.8136,cache
1780468896.0080645,Q3,Z1,density:Z1:conf=0.773,True,0.792,cache
1780468896.0089023,Q2,Z5,area:Z5:conf=0.242,True,0.7892,cache
1780468896.009738,Q2,Z5,area:Z5:conf=0.58,True,0.7885,cache
1780468896.010577,Q2,Z4,area:Z4:conf=0.708,True,0.7903,cache
1780468896.0114174,Q2,Z5,area:Z5:conf=0.58,True,0.7774,cache
1780468896.015402,Q4,Z3,compare:density:Z3:Z4:conf=0.145,False,3.9347,engine
1780468896.0163388,Q2,Z5,area:Z5:conf=0.58,True,0.8343,cache
1780468896.0171874,Q2,Z5,area:Z5:conf=0.58,True,0.809,cache
1780468896.0180485,Q2,Z5,area:Z5:conf=0.242,True,0.8086,cache
1780468896.0188942,Q2,Z5,area:Z5:conf=0.242,True,0.7893,cache
1780468896.0197423,Q2,Z5,area:Z5:conf=0.242,True,0.7996,cache
1780468896.0205867,Q2,Z5,area:Z5:conf=0.242,True,0.7961,cache
1780468896.0254521,Q4,Z1,compare:density:Z1:Z4:conf=0.821,False,4.814,engine
1780468896.0265033,Q2,Z5,area:Z5:conf=0.242,True,0.903,cache
1780468896.0273433,Q2,Z5,area:Z5:conf=0.242,True,0.8032,cache
1780468896.0281913,Q2,Z5,area:Z5:conf=0.242,True,0.7967,cache
1780468896.0290368,Q2,Z5,area:Z5:conf=0.58,True,0.797,cache
1780468896.029884,Q3,Z2,density:Z2:conf=0.354,True,0.7955,cache
1780468896.0307448,Q2,Z5,area:Z5:conf=0.58,True,0.8122,cache
1780468896.0313752,Q4,Z3,compare:density:Z3:Z4:conf=0.564,True,0.5775,cache
1780468896.0322442,Q2,Z5,area:Z5:conf=0.58,True,0.8088,cache
1780468896.0373123,Q3,Z5,density:Z5:conf=0.869,False,5.032,engine
1780468896.0381887,Q2,Z5,area:Z5:conf=0.242,True,0.7966,cache
1780468896.0428128,Q1,Z2,count:Z2:conf=0.225,False,4.5654,engine
1780468896.0436947,Q2,Z5,area:Z5:conf=0.242,True,0.8062,cache
1780468896.045042,Q2,Z5,area:Z5:conf=0.58,True,1.2918,cache
1780468896.0460818,Q3,Z5,density:Z5:conf=0.032,True,0.9582,cache
1780468896.046718,Q4,Z3,compare:density:Z3:Z4:conf=0.564,True,0.5741,cache
1780468896.0475717,Q3,Z1,density:Z1:conf=0.708,True,0.8035,cache
1780468896.0483902,Q2,Z5,area:Z5:conf=0.242,True,0.7849,cache
1780468896.0489814,Q4,Z3,compare:density:Z3:Z4:conf=0.564,True,0.5431,cache
1780468896.0498433,Q2,Z3,area:Z3:conf=0.242,True,0.8111,cache
1780468896.0504227,Q4,Z3,compare:density:Z3:Z4:conf=0.564,True,0.5477,cache
1780468896.0515077,Q2,Z5,area:Z5:conf=0.58,True,1.0339,cache
1780468896.052413,Q3,Z1,density:Z1:conf=0.773,True,0.856,cache
1780468896.053344,Q3,Z1,density:Z1:conf=0.773,True,0.8782,cache
1780468896.0587585,Q2,Z2,area:Z2:conf=0.66,False,5.348,engine
1780468896.0596497,Q2,Z5,area:Z5:conf=0.58,True,0.8125,cache
1780468896.0606956,Q2,Z5,area:Z5:conf=0.242,True,0.9927,cache
1780468896.0615904,Q3,Z4,density:Z4:conf=0.853,True,0.8379,cache
1780468896.0624878,Q2,Z5,area:Z5:conf=0.242,True,0.8305,cache
1780468896.0633438,Q1,Z4,count:Z4:conf=0.757,True,0.803,cache
1780468896.0641956,Q2,Z5,area:Z5:conf=0.242,True,0.8029,cache
1780468896.065036,Q2,Z5,area:Z5:conf=0.58,True,0.7897,cache
1780468896.06606,Q1,Z4,count:Z4:conf=0.757,True,0.9697,cache
1780468896.0669813,Q2,Z5,area:Z5:conf=0.58,True,0.8613,cache
1780468896.0681605,Q2,Z5,area:Z5:conf=0.58,True,1.1072,cache
1780468896.0691776,Q4,Z3,compare:density:Z3:Z4:conf=0.564,True,0.9577,cache
1780468896.0700793,Q1,Z4,count:Z4:conf=0.757,True,0.8446,cache
1780468896.0707228,Q4,Z2,compare:density:Z2:Z4:conf=0.451,True,0.6033,cache
1780468896.071667,Q2,Z5,area:Z5:conf=0.58,True,0.8822,cache
1780468896.0726075,Q2,Z5,area:Z5:conf=0.58,True,0.8959,cache
1780468896.077702,Q1,Z4,count:Z4:conf=0.58,False,5.0309,engine
1780468896.0787177,Q2,Z5,area:Z5:conf=0.58,True,0.8773,cache
1780468896.0796561,Q2,Z5,area:Z5:conf=0.58,True,0.8497,cache
1780468896.0806046,Q2,Z5,area:Z5:conf=0.58,True,0.8837,cache
1780468896.0816627,Q3,Z2,density:Z2:conf=0.354,True,0.9828,cache
1780468896.0860388,Q4,Z1,compare:density:Z1:Z3:conf=0.596,False,4.2662,engine
1780468896.0867386,Q4,Z2,compare:density:Z2:Z3:conf=0.354,True,0.5777,cache
1780468896.0876014,Q1,Z3,count:Z3:conf=0.708,True,0.8223,cache
1780468896.0884485,Q2,Z5,area:Z5:conf=0.58,True,0.8119,cache
1780468896.0893059,Q2,Z5,area:Z5:conf=0.58,True,0.8084,cache
1780468896.0901797,Q2,Z5,area:Z5:conf=0.242,True,0.8234,cache
1780468896.0910869,Q2,Z5,area:Z5:conf=0.58,True,0.8579,cache
1780468896.0919664,Q2,Z5,area:Z5:conf=0.58,True,0.825,cache
1780468896.0928273,Q2,Z5,area:Z5:conf=0.58,True,0.8103,cache
1780468896.0936916,Q2,Z5,area:Z5:conf=0.58,True,0.8126,cache
1780468896.094589,Q3,Z2,density:Z2:conf=0.354,True,0.8416,cache
1780468896.0954762,Q1,Z3,count:Z3:conf=0.708,True,0.8182,cache
1780468896.0963347,Q2,Z5,area:Z5:conf=0.58,True,0.8047,cache
1780468896.0972402,Q2,Z5,area:Z5:conf=0.242,True,0.8545,cache
1780468896.09809,Q3,Z1,density:Z1:conf=0.708,True,0.8001,cache
1780468896.0989969,Q1,Z4,count:Z4:conf=0.757,True,0.8556,cache
1780468896.099912,Q3,Z1,density:Z1:conf=0.66,True,0.8522,cache
1780468896.1007905,Q2,Z5,area:Z5:conf=0.242,True,0.819,cache
1780468896.1016653,Q3,Z1,density:Z1:conf=0.66,True,0.8219,cache
1780468896.102531,Q2,Z5,area:Z5:conf=0.58,True,0.8162,cache
1780468896.1034117,Q2,Z5,area:Z5:conf=0.58,True,0.8313,cache
1780468896.1042967,Q2,Z5,area:Z5:conf=0.58,True,0.8355,cache
1780468896.10515,Q2,Z5,area:Z5:conf=0.242,True,0.8026,cache
1780468896.1059945,Q2,Z5,area:Z5:conf=0.242,True,0.7944,cache
1780468896.1068344,Q2,Z5,area:Z5:conf=0.58,True,0.7915,cache
1780468896.107678,Q1,Z4,count:Z4:conf=0.757,True,0.7945,cache
1780468896.108507,Q2,Z5,area:Z5:conf=0.58,True,0.7799,cache
1780468896.1093469,Q2,Z5,area:Z5:conf=0.58,True,0.7913,cache
1780468896.1102045,Q2,Z5,area:Z5:conf=0.58,True,0.8084,cache
1780468896.1110811,Q2,Z5,area:Z5:conf=0.242,True,0.8272,cache
1780468896.1120043,Q2,Z5,area:Z5:conf=0.58,True,0.8442,cache
1780468896.1128368,Q2,Z5,area:Z5:conf=0.58,True,0.7816,cache
1780468896.1136677,Q2,Z5,area:Z5:conf=0.58,True,0.7817,cache
1780468896.1143808,Q4,Z2,compare:density:Z2:Z3:conf=0.354,True,0.6636,cache
1780468896.115257,Q1,Z5,count:Z5:conf=0.338,True,0.8236,cache
1780468896.1160865,Q2,Z5,area:Z5:conf=0.242,True,0.7951,cache
1780468896.1166914,Q4,Z3,compare:density:Z3:Z4:conf=0.564,True,0.555,cache
1780468896.117529,Q1,Z4,count:Z4:conf=0.37,True,0.7863,cache
1780468896.1222072,Q4,Z2,compare:density:Z2:Z4:conf=0.757,False,4.6426,engine
1780468896.122921,Q4,Z3,compare:density:Z3:Z4:conf=0.564,True,0.5841,cache
1780468896.1235154,Q4,Z1,compare:density:Z1:Z5:conf=0.869,True,0.554,cache
1780468896.1281645,Q3,Z5,density:Z5:conf=0.274,False,4.6129,engine
1780468896.1290374,Q2,Z3,area:Z3:conf=0.853,True,0.8278,cache
1780468896.130088,Q2,Z5,area:Z5:conf=0.242,True,0.9947,cache
1780468896.131148,Q2,Z5,area:Z5:conf=0.58,True,0.9478,cache
1780468896.1320398,Q2,Z5,area:Z5:conf=0.58,True,0.8327,cache
1780468896.1330826,Q2,Z5,area:Z5:conf=0.242,True,0.9865,cache
1780468896.134085,Q2,Z5,area:Z5:conf=0.242,True,0.9362,cache
1780468896.135153,Q2,Z5,area:Z5:conf=0.242,True,0.8767,cache
1780468896.1360435,Q3,Z2,density:Z2:conf=0.354,True,0.8265,cache
1780468896.1368988,Q3,Z2,density:Z2:conf=0.354,True,0.8027,cache
1780468896.1377532,Q1,Z1,count:Z1:conf=0.805,True,0.7995,cache
1780468896.138609,Q2,Z5,area:Z5:conf=0.58,True,0.8055,cache
1780468896.1394615,Q2,Z5,area:Z5:conf=0.58,True,0.8007,cache
1780468896.1403186,Q2,Z3,area:Z3:conf=0.853,True,0.8072,cache
1780468896.1450284,Q4,Z2,compare:density:Z2:Z3:conf=0.37,False,4.6575,engine
1780468896.148921,Q4,Z1,compare:density:Z1:Z2:conf=0.29,False,3.7692,engine
1780468896.1495945,Q4,Z1,compare:density:Z1:Z4:conf=0.644,True,0.6084,cache
1780468896.1502042,Q4,Z1,compare:density:Z1:Z5:conf=0.869,True,0.5744,cache
1780468896.1511333,Q2,Z5,area:Z5:conf=0.58,True,0.8925,cache
1780468896.1520216,Q2,Z5,area:Z5:conf=0.242,True,0.849,cache
1780468896.152881,Q2,Z5,area:Z5:conf=0.58,True,0.8045,cache
1780468896.153493,Q4,Z3,compare:density:Z3:Z4:conf=0.564,True,0.5628,cache
1780468896.1574805,Q4,Z2,compare:density:Z2:Z3:conf=0.258,False,3.9346,engine
1780468896.1584513,Q2,Z5,area:Z5:conf=0.58,True,0.9232,cache
1780468896.1593292,Q3,Z2,density:Z2:conf=0.354,True,0.841,cache
1780468896.160179,Q2,Z5,area:Z5:conf=0.58,True,0.7997,cache
1780468896.1613538,Q2,Z5,area:Z5:conf=0.58,True,1.1062,cache
1780468896.1623018,Q2,Z5,area:Z5:conf=0.58,True,0.8643,cache
1780468896.1631567,Q2,Z5,area:Z5:conf=0.58,True,0.8029,cache
1780468896.167973,Q2,Z5,area:Z5:conf=0.612,False,4.7639,engine
1780468896.1688962,Q2,Z5,area:Z5:conf=0.242,True,0.851,cache
1780468896.1697469,Q1,Z1,count:Z1:conf=0.805,True,0.796,cache
1780468896.1706533,Q3,Z1,density:Z1:conf=0.773,True,0.8568,cache
1780468896.1715324,Q2,Z5,area:Z5:conf=0.58,True,0.8238,cache
1780468896.1724145,Q2,Z5,area:Z5:conf=0.58,True,0.8131,cache
1780468896.1732726,Q3,Z4,density:Z4:conf=0.853,True,0.807,cache
1780468896.1741564,Q2,Z5,area:Z5:conf=0.58,True,0.8351,cache
1780468896.179104,Q2,Z3,area:Z3:conf=0.547,False,4.8961,engine
1780468896.1800373,Q2,Z5,area:Z5:conf=0.58,True,0.8238,cache
1780468896.1809256,Q3,Z1,density:Z1:conf=0.773,True,0.8326,cache
1780468896.1818225,Q3,Z4,density:Z4:conf=0.853,True,0.8355,cache
1780468896.1827025,Q2,Z5,area:Z5:conf=0.58,True,0.8228,cache
1780468896.1835423,Q2,Z5,area:Z5:conf=0.58,True,0.7889,cache
1780468896.187629,Q4,Z4,compare:density:Z4:Z5:conf=0.58,False,4.0347,engine
1780468896.188583,Q2,Z5,area:Z5:conf=0.58,True,0.8834,cache
1780468896.1894424,Q2,Z5,area:Z5:conf=0.242,True,0.8244,cache
1780468896.190318,Q2,Z5,area:Z5:conf=0.242,True,0.8191,cache
1780468896.1911936,Q2,Z5,area:Z5:conf=0.58,True,0.826,cache
1780468896.192197,Q3,Z1,density:Z1:conf=0.242,True,0.9473,cache
1780468896.1931677,Q3,Z1,density:Z1:conf=0.242,True,0.9167,cache
1780468896.194122,Q2,Z5,area:Z5:conf=0.58,True,0.8942,cache
1780468896.1949744,Q1,Z1,count:Z1:conf=0.805,True,0.8018,cache
1780468896.1958256,Q2,Z5,area:Z5:conf=0.58,True,0.7996,cache
1780468896.196679,Q2,Z5,area:Z5:conf=0.58,True,0.8039,cache
1780468896.1975327,Q3,Z2,density:Z2:conf=0.354,True,0.8018,cache
1780468896.2014706,Q4,Z1,compare:density:Z1:Z4:conf=0.596,False,3.8877,engine
1780468896.202515,Q2,Z5,area:Z5:conf=0.58,True,0.9134,cache
1780468896.203372,Q2,Z5,area:Z5:conf=0.58,True,0.818,cache
1780468896.2042208,Q2,Z5,area:Z5:conf=0.242,True,0.7961,cache
1780468896.2050982,Q3,Z4,density:Z4:conf=0.853,True,0.8252,cache
1780468896.205955,Q2,Z5,area:Z5:conf=0.58,True,0.8061,cache
1780468896.206823,Q2,Z5,area:Z5:conf=0.242,True,0.818,cache
1780468896.2077036,Q1,Z4,count:Z4:conf=0.757,True,0.8272,cache
1780468896.2085464,Q2,Z5,area:Z5:conf=0.58,True,0.7938,cache
1780468896.2094123,Q2,Z5,area:Z5:conf=0.58,True,0.815,cache
1780468896.2102761,Q2,Z5,area:Z5:conf=0.58,True,0.8139,cache
1780468896.211155,Q2,Z5,area:Z5:conf=0.242,True,0.827,cache
1780468896.21206,Q2,Z5,area:Z5:conf=0.242,True,0.8422,cache
1780468896.2126985,Q4,Z1,compare:density:Z1:Z5:conf=0.386,True,0.5822,cache
1780468896.2133048,Q4,Z3,compare:density:Z3:Z4:conf=0.564,True,0.5554,cache
1780468896.2141547,Q1,Z3,count:Z3:conf=0.708,True,0.8123,cache
1780468896.2189825,Q3,Z3,density:Z3:conf=0.37,False,4.7924,engine
1780468896.2198987,Q2,Z5,area:Z5:conf=0.242,True,0.8493,cache
1780468896.220732,Q2,Z5,area:Z5:conf=0.242,True,0.7829,cache
1780468896.2228045,Q1,Z2,count:Z2:conf=0.934,False,2.012,engine
1780468896.2237172,Q2,Z5,area:Z5:conf=0.58,True,0.8372,cache
1780468896.224558,Q2,Z4,area:Z4:conf=0.708,True,0.8249,cache
1780468896.2252035,Q4,Z2,compare:density:Z2:Z3:conf=0.354,True,0.5895,cache
1780468896.2260852,Q2,Z5,area:Z5:conf=0.58,True,0.8311,cache
1780468896.2269075,Q2,Z5,area:Z5:conf=0.242,True,0.7868,cache
1780468896.2277713,Q2,Z5,area:Z5:conf=0.58,True,0.8141,cache
1780468896.2286174,Q2,Z5,area:Z5:conf=0.58,True,0.7967,cache
1780468896.2294602,Q2,Z5,area:Z5:conf=0.242,True,0.7924,cache
1780468896.2303672,Q2,Z5,area:Z5:conf=0.58,True,0.8486,cache
1780468896.2313113,Q2,Z3,area:Z3:conf=0.853,True,0.8846,cache
1780468896.2363129,Q3,Z5,density:Z5:conf=0.403,False,4.9108,engine
1780468896.2372959,Q2,Z4,area:Z4:conf=0.419,True,0.8735,cache
1780468896.2382147,Q2,Z5,area:Z5:conf=0.58,True,0.8534,cache
1780468896.2390985,Q2,Z5,area:Z5:conf=0.58,True,0.8268,cache
1780468896.2399385,Q2,Z5,area:Z5:conf=0.58,True,0.7889,cache
1780468896.240794,Q2,Z5,area:Z5:conf=0.58,True,0.8028,cache
1780468896.2461617,Q1,Z4,count:Z4:conf=0.66,False,5.3147,engine
1780468896.247116,Q2,Z5,area:Z5:conf=0.242,True,0.8321,cache
1780468896.2479703,Q2,Z5,area:Z5:conf=0.58,True,0.7992,cache
1780468896.2527993,Q2,Z2,area:Z2:conf=0.547,False,4.7757,engine
1780468896.2538934,Q2,Z5,area:Z5:conf=0.242,True,0.9896,cache
1780468896.2548666,Q2,Z5,area:Z5:conf=0.58,True,0.8939,cache
1780468896.2558656,Q2,Z5,area:Z5:conf=0.58,True,0.8849,cache
1780468896.2565243,Q4,Z3,compare:density:Z3:Z4:conf=0.564,True,0.5895,cache
1780468896.2573924,Q3,Z1,density:Z1:conf=0.708,True,0.8113,cache
1780468896.2582364,Q2,Z5,area:Z5:conf=0.58,True,0.8109,cache
1780468896.2636466,Q4,Z2,compare:density:Z2:Z3:conf=0.725,False,5.3579,engine
1780468896.264364,Q4,Z2,compare:density:Z2:Z3:conf=0.37,True,0.583,cache
1780468896.2649734,Q4,Z2,compare:density:Z2:Z3:conf=0.37,True,0.5709,cache
1780468896.2658288,Q2,Z5,area:Z5:conf=0.58,True,0.8187,cache
1780468896.2666628,Q2,Z5,area:Z5:conf=0.58,True,0.7987,cache
1780468896.2675157,Q1,Z4,count:Z4:conf=0.37,True,0.8016,cache
1780468896.2683592,Q2,Z5,area:Z5:conf=0.58,True,0.7948,cache
1780468896.2690673,Q4,Z3,compare:density:Z3:Z4:conf=0.564,True,0.6565,cache
1780468896.269676,Q4,Z2,compare:density:Z2:Z3:conf=0.354,True,0.5585,cache
1780468896.2705147,Q2,Z5,area:Z5:conf=0.58,True,0.8029,cache
1780468896.2713544,Q3,Z1,density:Z1:conf=0.708,True,0.8049,cache
1780468896.2755132,Q5,Z5,confidence_dist:Z5:bins=5,False,4.0995,engine
1780468896.276409,Q2,Z4,area:Z4:conf=0.708,True,0.8388,cache
1780468896.2772202,Q2,Z5,area:Z5:conf=0.242,True,0.7931,cache
1780468896.2780728,Q2,Z1,area:Z1:conf=0.435,True,0.8003,cache
1780468896.2790945,Q2,Z5,area:Z5:conf=0.242,True,0.9727,cache
1780468896.280026,Q1,Z4,count:Z4:conf=0.757,True,0.861,cache
1780468896.2809162,Q3,Z1,density:Z1:conf=0.66,True,0.8322,cache
1780468896.281774,Q1,Z4,count:Z4:conf=0.757,True,0.8049,cache
1780468896.2826123,Q2,Z5,area:Z5:conf=0.58,True,0.788,cache
1780468896.2834494,Q2,Z5,area:Z5:conf=0.58,True,0.7858,cache
1780468896.2842987,Q2,Z5,area:Z5:conf=0.58,True,0.8015,cache
1780468896.2851639,Q2,Z5,area:Z5:conf=0.242,True,0.8134,cache
1780468896.2860103,Q2,Z5,area:Z5:conf=0.242,True,0.7968,cache
1780468896.2868605,Q3,Z2,density:Z2:conf=0.354,True,0.7977,cache
1780468896.2876925,Q2,Z5,area:Z5:conf=0.242,True,0.7824,cache
1780468896.288529,Q3,Z1,density:Z1:conf=0.708,True,0.7851,cache
1780468896.289,Q2,Z5,area:Z5:conf=0.934,True,0.4202,cache
1780468896.289845,Q2,Z5,area:Z5:conf=0.58,True,0.7931,cache
1780468896.2906904,Q1,Z4,count:Z4:conf=0.757,True,0.8226,cache
1780468896.2915525,Q3,Z1,density:Z1:conf=0.773,True,0.8101,cache
1780468896.292413,Q2,Z5,area:Z5:conf=0.242,True,0.8025,cache
1780468896.2932482,Q2,Z5,area:Z5:conf=0.58,True,0.7846,cache
1780468896.2941158,Q2,Z3,area:Z3:conf=0.853,True,0.8163,cache
1780468896.2949364,Q2,Z2,area:Z2:conf=0.66,True,0.7713,cache
1780468896.295787,Q2,Z4,area:Z4:conf=0.708,True,0.8005,cache
1780468896.296392,Q4,Z2,compare:density:Z2:Z3:conf=0.725,True,0.5537,cache
1780468896.3007138,Q4,Z4,compare:density:Z4:Z5:conf=0.886,False,4.2695,engine
1780468896.3016627,Q2,Z5,area:Z5:conf=0.58,True,0.902,cache
1780468896.3022633,Q4,Z3,compare:density:Z3:Z4:conf=0.564,True,0.5568,cache
1780468896.3031318,Q2,Z5,area:Z5:conf=0.242,True,0.8161,cache
1780468896.307719,Q1,Z1,count:Z1:conf=0.467,False,4.5525,engine
1780468896.308592,Q2,Z5,area:Z5:conf=0.58,True,0.8165,cache
1780468896.3096294,Q2,Z5,area:Z5:conf=0.242,True,0.988,cache
1780468896.31056,Q1,Z3,count:Z3:conf=0.757,True,0.8651,cache
1780468896.3114421,Q2,Z5,area:Z5:conf=0.58,True,0.833,cache
1780468896.3122969,Q3,Z1,density:Z1:conf=0.708,True,0.8018,cache
1780468896.3131454,Q2,Z5,area:Z5:conf=0.58,True,0.8002,cache
1780468896.316864,Q4,Z1,compare:density:Z1:Z4:conf=0.29,False,3.6648,engine
1780468896.321184,Q4,Z2,compare:density:Z2:Z5:conf=0.725,False,4.2551,engine
1780468896.3221846,Q2,Z5,area:Z5:conf=0.58,True,0.9177,cache
1780468896.3230336,Q3,Z1,density:Z1:conf=0.242,True,0.8042,cache
1780468896.3238807,Q2,Z5,area:Z5:conf=0.58,True,0.7949,cache
1780468896.3245585,Q4,Z3,compare:density:Z3:Z4:conf=0.564,True,0.6287,cache
1780468896.3254325,Q3,Z1,density:Z1:conf=0.773,True,0.8223,cache
1780468896.326321,Q1,Z5,count:Z5:conf=0.0,True,0.8544,cache
1780468896.3273816,Q2,Z5,area:Z5:conf=0.58,True,0.8549,cache
1780468896.3282447,Q2,Z5,area:Z5:conf=0.58,True,0.8133,cache
1780468896.3290808,Q1,Z3,count:Z3:conf=0.708,True,0.7841,cache
1780468896.3299372,Q3,Z2,density:Z2:conf=0.354,True,0.8067,cache
1780468896.3312187,Q2,Z5,area:Z5:conf=0.242,True,1.2264,cache
1780468896.3323774,Q2,Z5,area:Z5:conf=0.58,True,1.0253,cache
1780468896.3333442,Q2,Z5,area:Z5:conf=0.58,True,0.8956,cache
1780468896.3342247,Q2,Z3,area:Z3:conf=0.596,True,0.8301,cache
1780468896.3350718,Q2,Z5,area:Z5:conf=0.58,True,0.7966,cache
1780468896.3359604,Q2,Z5,area:Z5:conf=0.242,True,0.8386,cache
1780468896.3400683,Q4,Z1,compare:density:Z1:Z2:conf=0.274,False,4.0538,engine
1780468896.3410206,Q2,Z5,area:Z5:conf=0.58,True,0.8711,cache
1780468896.341932,Q1,Z4,count:Z4:conf=0.757,True,0.875,cache
1780468896.3427827,Q2,Z5,area:Z5:conf=0.58,True,0.7974,cache
1780468896.3436232,Q1,Z4,count:Z4:conf=0.37,True,0.7898,cache
1780468896.344467,Q1,Z4,count:Z4:conf=0.757,True,0.7936,cache
1780468896.34932,Q3,Z1,density:Z1:conf=0.741,False,4.8024,engine
1780468896.3502605,Q2,Z5,area:Z5:conf=0.58,True,0.8682,cache
1780468896.35117,Q3,Z2,density:Z2:conf=0.354,True,0.8571,cache
1780468896.3520515,Q3,Z1,density:Z1:conf=0.708,True,0.8229,cache
1780468896.3529491,Q2,Z5,area:Z5:conf=0.58,True,0.8468,cache
1780468896.3537912,Q2,Z5,area:Z5:conf=0.58,True,0.792,cache
1780468896.3546815,Q2,Z5,area:Z5:conf=0.58,True,0.84,cache
1780468896.3595636,Q2,Z3,area:Z3:conf=0.209,False,4.8301,engine
1780468896.3604276,Q1,Z3,count:Z3:conf=0.708,True,0.8085,cache
1780468896.3611274,Q4,Z3,compare:density:Z3:Z4:conf=0.564,True,0.6461,cache
1780468896.3620358,Q1,Z4,count:Z4:conf=0.757,True,0.8259,cache
1780468896.3628707,Q3,Z2,density:Z2:conf=0.354,True,0.7999,cache
1780468896.363706,Q2,Z5,area:Z5:conf=0.242,True,0.7839,cache
1780468896.3645535,Q2,Z5,area:Z5:conf=0.242,True,0.7967,cache
1780468896.3653338,Q4,Z3,compare:density:Z3:Z4:conf=0.564,True,0.7291,cache
1780468896.366279,Q2,Z5,area:Z5:conf=0.58,True,0.8795,cache
1780468896.3671293,Q2,Z4,area:Z4:conf=0.081,True,0.8133,cache
1780468896.3679705,Q3,Z4,density:Z4:conf=0.853,True,0.7896,cache
1780468896.3688245,Q2,Z5,area:Z5:conf=0.58,True,0.8038,cache
1780468896.3696659,Q3,Z2,density:Z2:conf=0.354,True,0.7909,cache
1780468896.3705027,Q2,Z5,area:Z5:conf=0.58,True,0.7862,cache
1780468896.3765671,Q3,Z1,density:Z1:conf=0.064,False,6.0118,engine
1780468896.381352,Q3,Z1,density:Z1:conf=0.612,False,4.7044,engine
1780468896.3862886,Q3,Z3,density:Z3:conf=0.58,False,4.7672,engine
1780468896.3872333,Q2,Z5,area:Z5:conf=0.58,True,0.8201,cache
1780468896.3880744,Q2,Z5,area:Z5:conf=0.58,True,0.7897,cache
1780468896.3889246,Q2,Z5,area:Z5:conf=0.58,True,0.8,cache
1780468896.3897703,Q2,Z5,area:Z5:conf=0.58,True,0.7933,cache
1780468896.3906114,Q2,Z5,area:Z5:conf=0.58,True,0.7912,cache
1780468896.391556,Q2,Z5,area:Z5:conf=0.58,True,0.8927,cache
1780468896.3963978,Q3,Z4,density:Z4:conf=0.386,False,4.7695,engine
1780468896.3973038,Q2,Z5,area:Z5:conf=0.58,True,0.8315,cache
1780468896.398151,Q2,Z5,area:Z5:conf=0.58,True,0.7962,cache
1780468896.399009,Q3,Z5,density:Z5:conf=0.032,True,0.8055,cache
1780468896.3998737,Q3,Z2,density:Z2:conf=0.354,True,0.8134,cache
1780468896.400743,Q3,Z1,density:Z1:conf=0.242,True,0.8165,cache
1780468896.4013622,Q4,Z3,compare:density:Z3:Z4:conf=0.564,True,0.5609,cache
1780468896.4019692,Q4,Z1,compare:density:Z1:Z3:conf=0.596,True,0.5527,cache
1780468896.4025514,Q4,Z3,compare:density:Z3:Z4:conf=0.564,True,0.5469,cache
1780468896.4033995,Q2,Z5,area:Z5:conf=0.242,True,0.8114,cache
1780468896.4042258,Q1,Z3,count:Z3:conf=0.708,True,0.7918,cache
1780468896.4050741,Q2,Z5,area:Z5:conf=0.242,True,0.7973,cache
1780468896.405941,Q2,Z5,area:Z5:conf=0.58,True,0.8161,cache
1780468896.4068315,Q2,Z5,area:Z5:conf=0.242,True,0.8396,cache
1780468896.4077752,Q2,Z5,area:Z5:conf=0.58,True,0.8916,cache
1780468896.4086316,Q2,Z3,area:Z3:conf=0.853,True,0.8034,cache
1780468896.409475,Q2,Z5,area:Z5:conf=0.58,True,0.7944,cache
1780468896.4103193,Q2,Z5,area:Z5:conf=0.58,True,0.7921,cache
1780468896.411236,Q2,Z5,area:Z5:conf=0.58,True,0.8661,cache
1780468896.41211,Q3,Z1,density:Z1:conf=0.451,True,0.8118,cache
1780468896.412956,Q2,Z5,area:Z5:conf=0.58,True,0.7962,cache
1780468896.413803,Q3,Z1,density:Z1:conf=0.773,True,0.7946,cache
1780468896.4146762,Q2,Z3,area:Z3:conf=0.242,True,0.8232,cache
1780468896.4155219,Q2,Z5,area:Z5:conf=0.58,True,0.7943,cache
1780468896.4161236,Q4,Z2,compare:density:Z2:Z3:conf=0.354,True,0.5503,cache
1780468896.4169748,Q2,Z5,area:Z5:conf=0.58,True,0.7987,cache
1780468896.4178026,Q2,Z5,area:Z5:conf=0.58,True,0.7945,cache
1780468896.4186516,Q1,Z3,count:Z3:conf=0.708,True,0.796,cache
1780468896.4239242,Q1,Z1,count:Z1:conf=0.242,False,5.2204,engine
1780468896.4248624,Q2,Z5,area:Z5:conf=0.58,True,0.822,cache
1780468896.4257991,Q3,Z2,density:Z2:conf=0.354,True,0.8833,cache
1780468896.4266598,Q2,Z5,area:Z5:conf=0.58,True,0.8052,cache
1780468896.4275088,Q3,Z2,density:Z2:conf=0.354,True,0.7986,cache
1780468896.4281135,Q4,Z3,compare:density:Z3:Z4:conf=0.564,True,0.5522,cache
1780468896.4287088,Q4,Z3,compare:density:Z3:Z4:conf=0.564,True,0.5446,cache
1780468896.4292932,Q4,Z3,compare:density:Z3:Z4:conf=0.564,True,0.5488,cache
1780468896.4301229,Q2,Z5,area:Z5:conf=0.58,True,0.7951,cache
1780468896.430942,Q1,Z3,count:Z3:conf=0.708,True,0.7845,cache
1780468896.431802,Q3,Z1,density:Z1:conf=0.773,True,0.8072,cache
1780468896.432637,Q3,Z1,density:Z1:conf=0.773,True,0.7828,cache
1780468896.4334981,Q2,Z5,area:Z5:conf=0.58,True,0.8107,cache
1780468896.4343624,Q2,Z5,area:Z5:conf=0.242,True,0.8131,cache
1780468896.4352236,Q2,Z5,area:Z5:conf=0.242,True,0.8038,cache
1780468896.4360802,Q2,Z5,area:Z5:conf=0.58,True,0.8038,cache
1780468896.436915,Q2,Z5,area:Z5:conf=0.58,True,0.7854,cache
1780468896.4377518,Q2,Z5,area:Z5:conf=0.242,True,0.7866,cache
1780468896.4386115,Q1,Z4,count:Z4:conf=0.757,True,0.8077,cache
1780468896.4394538,Q2,Z5,area:Z5:conf=0.58,True,0.7909,cache
1780468896.4402876,Q1,Z5,count:Z5:conf=0.0,True,0.783,cache
1780468896.4412231,Q3,Z2,density:Z2:conf=0.354,True,0.8833,cache
1780468896.4418545,Q4,Z2,compare:density:Z2:Z3:conf=0.354,True,0.5706,cache
1780468896.4426954,Q2,Z5,area:Z5:conf=0.242,True,0.7882,cache
1780468896.443527,Q2,Z5,area:Z5:conf=0.242,True,0.7974,cache
1780468896.4441435,Q4,Z3,compare:density:Z3:Z4:conf=0.564,True,0.5649,cache
1780468896.4489484,Q3,Z1,density:Z1:conf=0.129,False,4.7516,engine
1780468896.4497948,Q2,Z5,area:Z5:conf=0.242,True,0.8063,cache
1780468896.4506416,Q3,Z2,density:Z2:conf=0.354,True,0.7938,cache
1780468896.451571,Q3,Z2,density:Z2:conf=0.354,True,0.8805,cache
1780468896.452413,Q1,Z4,count:Z4:conf=0.757,True,0.7849,cache
1780468896.453256,Q2,Z5,area:Z5:conf=0.58,True,0.7924,cache
1780468896.4541569,Q2,Z5,area:Z5:conf=0.242,True,0.8484,cache
1780468896.455002,Q2,Z5,area:Z5:conf=0.242,True,0.7955,cache
1780468896.4559247,Q3,Z3,density:Z3:conf=0.58,True,0.8691,cache
1780468896.4567754,Q2,Z5,area:Z5:conf=0.242,True,0.7962,cache
1780468896.4576285,Q2,Z5,area:Z5:conf=0.242,True,0.8011,cache
1780468896.4615874,Q4,Z3,compare:density:Z3:Z4:conf=0.081,False,3.9087,engine
1780468896.4625995,Q2,Z5,area:Z5:conf=0.242,True,0.8925,cache
1780468896.4634514,Q2,Z5,area:Z5:conf=0.58,True,0.8176,cache
1780468896.4643137,Q2,Z5,area:Z5:conf=0.58,True,0.8091,cache
1780468896.4651759,Q2,Z5,area:Z5:conf=0.58,True,0.8119,cache
1780468896.4660156,Q2,Z5,area:Z5:conf=0.58,True,0.7868,cache
1780468896.4668624,Q2,Z5,area:Z5:conf=0.242,True,0.7977,cache
1780468896.46772,Q3,Z1,density:Z1:conf=0.242,True,0.8037,cache
1780468896.4685726,Q2,Z4,area:Z4:conf=0.708,True,0.8019,cache
1780468896.4695878,Q2,Z5,area:Z5:conf=0.58,True,0.9622,cache
1780468896.4704478,Q3,Z2,density:Z2:conf=0.354,True,0.8047,cache
1780468896.4713845,Q2,Z5,area:Z5:conf=0.58,True,0.881,cache
1780468896.476417,Q2,Z5,area:Z5:conf=0.386,False,4.9676,engine
1780468896.4773476,Q2,Z5,area:Z5:conf=0.58,True,0.8332,cache
1780468896.4779553,Q4,Z3,compare:density:Z3:Z4:conf=0.564,True,0.5576,cache
1780468896.4788368,Q2,Z5,area:Z5:conf=0.58,True,0.8268,cache
1780468896.4794824,Q4,Z3,compare:density:Z3:Z4:conf=0.564,True,0.59,cache
1780468896.48038,Q2,Z5,area:Z5:conf=0.242,True,0.8432,cache
1780468896.4810028,Q4,Z2,compare:density:Z2:Z3:conf=0.354,True,0.5877,cache
1780468896.4818635,Q2,Z5,area:Z5:conf=0.58,True,0.8053,cache
1780468896.4866927,Q3,Z2,density:Z2:conf=0.145,False,4.795,engine
1780468896.4875762,Q2,Z5,area:Z5:conf=0.242,True,0.8228,cache
1780468896.48818,Q4,Z2,compare:density:Z2:Z3:conf=0.354,True,0.5544,cache
1780468896.4887986,Q4,Z2,compare:density:Z2:Z3:conf=0.37,True,0.5633,cache
1780468896.4893863,Q4,Z2,compare:density:Z2:Z4:conf=0.757,True,0.5523,cache
1780468896.4902308,Q2,Z5,area:Z5:conf=0.58,True,0.8071,cache
1780468896.4910436,Q2,Z5,area:Z5:conf=0.58,True,0.7794,cache
1780468896.4918907,Q2,Z5,area:Z5:conf=0.58,True,0.7941,cache
1780468896.492721,Q2,Z5,area:Z5:conf=0.58,True,0.7816,cache
1780468896.4935873,Q3,Z2,density:Z2:conf=0.354,True,0.8112,cache
1780468896.4981015,Q1,Z2,count:Z2:conf=0.322,False,4.4642,engine
1780468896.5029557,Q2,Z3,area:Z3:conf=0.386,False,4.7917,engine
1780468896.503916,Q2,Z5,area:Z5:conf=0.242,True,0.8366,cache
1780468896.5047467,Q4,Z3,compare:density:Z3:Z4:conf=0.564,True,0.7749,cache
1780468896.505433,Q4,Z1,compare:density:Z1:Z5:conf=0.386,True,0.6217,cache
1780468896.5101829,Q2,Z4,area:Z4:conf=0.225,False,4.7114,engine
1780468896.511033,Q2,Z5,area:Z5:conf=0.58,True,0.812,cache
1780468896.5119581,Q3,Z2,density:Z2:conf=0.354,True,0.8576,cache
1780468896.5128171,Q1,Z5,count:Z5:conf=0.0,True,0.8093,cache
1780468896.5141907,Q2,Z5,area:Z5:conf=0.58,True,1.111,cache
1780468896.5150888,Q2,Z5,area:Z5:conf=0.242,True,0.8334,cache
1780468896.5198374,Q3,Z1,density:Z1:conf=0.145,False,4.6935,engine
1780468896.52357,Q4,Z2,compare:density:Z2:Z4:conf=0.515,False,3.6746,engine
1780468896.5245483,Q3,Z2,density:Z2:conf=0.145,True,0.9168,cache
1780468896.5254376,Q2,Z3,area:Z3:conf=0.853,True,0.8541,cache
1780468896.526308,Q2,Z5,area:Z5:conf=0.58,True,0.8167,cache
1780468896.5271711,Q2,Z5,area:Z5:conf=0.58,True,0.8116,cache
1780468896.5280206,Q3,Z2,density:Z2:conf=0.354,True,0.798,cache
1780468896.5288775,Q3,Z2,density:Z2:conf=0.354,True,0.8075,cache
1780468896.5297432,Q2,Z5,area:Z5:conf=0.242,True,0.8125,cache
1780468896.5303366,Q4,Z3,compare:density:Z3:Z4:conf=0.564,True,0.5438,cache
1780468896.53132,Q2,Z5,area:Z5:conf=0.242,True,0.9314,cache
1780468896.5321827,Q1,Z4,count:Z4:conf=0.757,True,0.8181,cache
1780468896.5330224,Q2,Z5,area:Z5:conf=0.58,True,0.7878,cache
1780468896.5338812,Q2,Z5,area:Z5:conf=0.58,True,0.8094,cache
1780468896.5347378,Q2,Z5,area:Z5:conf=0.58,True,0.8057,cache
1780468896.5356078,Q2,Z5,area:Z5:conf=0.58,True,0.8212,cache
1780468896.5362122,Q4,Z2,compare:density:Z2:Z3:conf=0.37,True,0.5517,cache
1780468896.5370498,Q2,Z5,area:Z5:conf=0.242,True,0.7877,cache
1780468896.5378747,Q2,Z5,area:Z5:conf=0.58,True,0.7906,cache
1780468896.5384765,Q4,Z2,compare:density:Z2:Z3:conf=0.354,True,0.5527,cache
1780468896.5393124,Q3,Z2,density:Z2:conf=0.354,True,0.7829,cache
1780468896.5401409,Q2,Z5,area:Z5:conf=0.58,True,0.7955,cache
1780468896.5410175,Q2,Z5,area:Z5:conf=0.58,True,0.8238,cache
1780468896.5418768,Q2,Z5,area:Z5:conf=0.58,True,0.8063,cache
1780468896.5429351,Q3,Z1,density:Z1:conf=0.773,True,1.0043,cache
1780468896.5439048,Q2,Z5,area:Z5:conf=0.58,True,0.9101,cache
1780468896.5448878,Q2,Z5,area:Z5:conf=0.58,True,0.9249,cache
1780468896.545906,Q2,Z5,area:Z5:conf=0.58,True,0.959,cache
1780468896.546801,Q3,Z2,density:Z2:conf=0.354,True,0.8403,cache
1780468896.5476384,Q2,Z5,area:Z5:conf=0.58,True,0.7873,cache
1780468896.5482383,Q4,Z2,compare:density:Z2:Z3:conf=0.37,True,0.5469,cache
1780468896.5493834,Q2,Z5,area:Z5:conf=0.58,True,1.0943,cache
1780468896.5499802,Q4,Z3,compare:density:Z3:Z4:conf=0.564,True,0.5617,cache
1780468896.5508592,Q2,Z5,area:Z5:conf=0.242,True,0.8286,cache
1780468896.5516741,Q2,Z5,area:Z5:conf=0.242,True,0.7797,cache
1780468896.552498,Q2,Z5,area:Z5:conf=0.58,True,0.7748,cache
1780468896.5533445,Q2,Z4,area:Z4:conf=0.419,True,0.7948,cache
1780468896.5542393,Q3,Z1,density:Z1:conf=0.757,True,0.8449,cache
1780468896.5551178,Q2,Z5,area:Z5:conf=0.58,True,0.8259,cache
1780468896.5559487,Q2,Z5,area:Z5:conf=0.58,True,0.7829,cache
1780468896.556544,Q4,Z2,compare:density:Z2:Z3:conf=0.386,True,0.5432,cache
1780468896.5573924,Q3,Z2,density:Z2:conf=0.354,True,0.7987,cache
1780468896.558198,Q2,Z5,area:Z5:conf=0.58,True,0.7712,cache
1780468896.5590227,Q2,Z5,area:Z5:conf=0.58,True,0.7755,cache
1780468896.5598662,Q3,Z1,density:Z1:conf=0.773,True,0.7919,cache
1780468896.5607605,Q2,Z4,area:Z4:conf=0.708,True,0.8433,cache
1780468896.5617733,Q3,Z2,density:Z2:conf=0.354,True,0.9099,cache
1780468896.5657346,Q4,Z2,compare:density:Z2:Z5:conf=0.596,False,3.9014,engine
1780468896.5666544,Q2,Z5,area:Z5:conf=0.242,True,0.8614,cache
1780468896.567482,Q2,Z5,area:Z5:conf=0.58,True,0.7933,cache
1780468896.5683296,Q2,Z5,area:Z5:conf=0.242,True,0.7961,cache
1780468896.5691724,Q2,Z5,area:Z5:conf=0.58,True,0.7925,cache
1780468896.5700207,Q2,Z5,area:Z5:conf=0.58,True,0.7966,cache
1780468896.5709174,Q2,Z5,area:Z5:conf=0.58,True,0.8473,cache
1780468896.5717773,Q2,Z5,area:Z5:conf=0.58,True,0.8053,cache
1780468896.5726128,Q1,Z3,count:Z3:conf=0.708,True,0.7843,cache
1780468896.573444,Q2,Z5,area:Z5:conf=0.58,True,0.7798,cache
1780468896.57433,Q2,Z5,area:Z5:conf=0.242,True,0.8356,cache
1780468896.5749643,Q4,Z3,compare:density:Z3:Z4:conf=0.564,True,0.5815,cache
1780468896.575566,Q4,Z3,compare:density:Z3:Z4:conf=0.564,True,0.5502,cache
1780468896.576444,Q3,Z1,density:Z1:conf=0.242,True,0.8419,cache
1780468896.5772977,Q3,Z4,density:Z4:conf=0.853,True,0.8113,cache
1780468896.57813,Q1,Z3,count:Z3:conf=0.708,True,0.7815,cache
1780468896.5789862,Q2,Z5,area:Z5:conf=0.58,True,0.8061,cache
1780468896.5799012,Q2,Z5,area:Z5:conf=0.242,True,0.8636,cache
1780468896.5808005,Q3,Z2,density:Z2:conf=0.354,True,0.8471,cache
1780468896.5816512,Q2,Z5,area:Z5:conf=0.58,True,0.7976,cache
1780468896.5824704,Q2,Z5,area:Z5:conf=0.58,True,0.7715,cache
1780468896.583328,Q2,Z5,area:Z5:conf=0.58,True,0.8065,cache
1780468896.5842295,Q2,Z5,area:Z5:conf=0.242,True,0.8515,cache
1780468896.5851078,Q2,Z5,area:Z5:conf=0.242,True,0.8236,cache
1780468896.585967,Q2,Z5,area:Z5:conf=0.58,True,0.8096,cache
1780468896.5868099,Q3,Z5,density:Z5:conf=0.032,True,0.7908,cache
1780468896.5906713,Q4,Z3,compare:density:Z3:Z4:conf=0.097,False,3.8119,engine
1780468896.5916243,Q2,Z5,area:Z5:conf=0.58,True,0.8908,cache
1780468896.5928028,Q1,Z5,count:Z5:conf=0.338,True,1.1368,cache
1780468896.5936894,Q2,Z5,area:Z5:conf=0.58,True,0.8302,cache
1780468896.5986285,Q3,Z2,density:Z2:conf=0.515,False,4.8851,engine
1780468896.603218,Q4,Z1,compare:density:Z1:Z5:conf=0.628,False,4.4168,engine
1780468896.6045425,Q2,Z5,area:Z5:conf=0.58,True,1.1442,cache
1780468896.6051862,Q4,Z2,compare:density:Z2:Z3:conf=0.354,True,0.5866,cache
1780468896.6104128,Q1,Z5,count:Z5:conf=0.451,False,5.1525,engine
1780468896.6117444,Q3,Z2,density:Z2:conf=0.145,True,1.1995,cache
1780468896.617577,Q4,Z2,compare:density:Z2:Z3:conf=0.692,False,5.6986,engine
1780468896.618766,Q3,Z2,density:Z2:conf=0.354,True,1.0205,cache
1780468896.6196055,Q2,Z5,area:Z5:conf=0.58,True,0.8038,cache
1780468896.6202216,Q4,Z2,compare:density:Z2:Z3:conf=0.37,True,0.5618,cache
1780468896.6208994,Q4,Z3,compare:density:Z3:Z4:conf=0.564,True,0.6247,cache
1780468896.6214948,Q4,Z3,compare:density:Z3:Z4:conf=0.564,True,0.5593,cache
1780468896.6223118,Q2,Z5,area:Z5:conf=0.242,True,0.7819,cache
1780468896.6231382,Q3,Z2,density:Z2:conf=0.354,True,0.7917,cache
1780468896.6240506,Q2,Z5,area:Z5:conf=0.58,True,0.8595,cache
1780468896.6249378,Q1,Z4,count:Z4:conf=0.757,True,0.8317,cache
1780468896.6257858,Q2,Z5,area:Z5:conf=0.58,True,0.7945,cache
1780468896.6266294,Q2,Z4,area:Z4:conf=0.708,True,0.7922,cache
1780468896.6272407,Q4,Z2,compare:density:Z2:Z3:conf=0.37,True,0.5585,cache
1780468896.62808,Q2,Z5,area:Z5:conf=0.242,True,0.7879,cache
1780468896.6289034,Q2,Z5,area:Z5:conf=0.242,True,0.7894,cache
1780468896.6297631,Q2,Z5,area:Z5:conf=0.58,True,0.8083,cache
1780468896.6349285,Q2,Z5,area:Z5:conf=0.821,False,5.1136,engine
1780468896.6359339,Q2,Z4,area:Z4:conf=0.708,True,0.9062,cache
1780468896.6367877,Q2,Z5,area:Z5:conf=0.58,True,0.7974,cache
1780468896.637621,Q2,Z5,area:Z5:conf=0.58,True,0.7817,cache
1780468896.6385305,Q2,Z5,area:Z5:conf=0.58,True,0.8571,cache
1780468896.6396194,Q2,Z5,area:Z5:conf=0.242,True,1.0301,cache
1780468896.6438818,Q4,Z2,compare:density:Z2:Z5:conf=0.821,False,4.2071,engine
1780468896.644845,Q2,Z4,area:Z4:conf=0.708,True,0.8978,cache
1780468896.6456733,Q2,Z5,area:Z5:conf=0.58,True,0.7927,cache
1780468896.646292,Q4,Z1,compare:density:Z1:Z5:conf=0.386,True,0.5655,cache
1780468896.6471376,Q2,Z5,area:Z5:conf=0.58,True,0.7924,cache
1780468896.647976,Q3,Z1,density:Z1:conf=0.097,True,0.8038,cache
1780468896.6488302,Q2,Z5,area:Z5:conf=0.58,True,0.8013,cache
1780468896.6496909,Q4,Z3,compare:density:Z3:Z4:conf=0.564,True,0.8111,cache
1780468896.6505942,Q2,Z3,area:Z3:conf=0.403,True,0.8486,cache
1780468896.651469,Q2,Z5,area:Z5:conf=0.58,True,0.8377,cache
1780468896.6523383,Q1,Z3,count:Z3:conf=0.708,True,0.8092,cache
1780468896.6561477,Q4,Z1,compare:density:Z1:Z4:conf=0.161,False,3.7579,engine
1780468896.657085,Q2,Z5,area:Z5:conf=0.58,True,0.8614,cache
1780468896.6579194,Q2,Z5,area:Z5:conf=0.58,True,0.7992,cache
1780468896.658783,Q3,Z1,density:Z1:conf=0.773,True,0.809,cache
1780468896.6596143,Q2,Z5,area:Z5:conf=0.58,True,0.7802,cache
1780468896.660472,Q2,Z5,area:Z5:conf=0.58,True,0.8042,cache
1780468896.6613984,Q2,Z5,area:Z5:conf=0.242,True,0.8337,cache
1780468896.6620352,Q4,Z2,compare:density:Z2:Z3:conf=0.354,True,0.572,cache
1780468896.662882,Q2,Z5,area:Z5:conf=0.58,True,0.7955,cache
1780468896.6637237,Q2,Z5,area:Z5:conf=0.58,True,0.8067,cache
1780468896.6646125,Q2,Z2,area:Z2:conf=0.547,True,0.8377,cache
1780468896.6655893,Q2,Z5,area:Z5:conf=0.242,True,0.8013,cache
1780468896.6665003,Q3,Z1,density:Z1:conf=0.451,True,0.8046,cache
1780468896.6673424,Q2,Z5,area:Z5:conf=0.242,True,0.7892,cache
1780468896.672212,Q1,Z5,count:Z5:conf=0.773,False,4.8192,engine
1780468896.672868,Q4,Z3,compare:density:Z3:Z4:conf=0.564,True,0.5766,cache
1780468896.673756,Q2,Z5,area:Z5:conf=0.58,True,0.8362,cache
1780468896.6746294,Q3,Z1,density:Z1:conf=0.741,True,0.8371,cache
1780468896.6754785,Q2,Z5,area:Z5:conf=0.242,True,0.797,cache
1780468896.6763177,Q2,Z5,area:Z5:conf=0.58,True,0.7862,cache
1780468896.677184,Q2,Z5,area:Z5:conf=0.58,True,0.8148,cache
1780468896.6780267,Q1,Z3,count:Z3:conf=0.708,True,0.7906,cache
1780468896.678868,Q2,Z5,area:Z5:conf=0.58,True,0.7901,cache
1780468896.679702,Q2,Z5,area:Z5:conf=0.58,True,0.7821,cache
1780468896.6806302,Q2,Z5,area:Z5:conf=0.58,True,0.8746,cache
1780468896.6815712,Q2,Z5,area:Z5:conf=0.242,True,0.8861,cache
1780468896.6824627,Q2,Z5,area:Z5:conf=0.242,True,0.8002,cache
1780468896.683309,Q2,Z5,area:Z5:conf=0.242,True,0.7938,cache
1780468896.6842222,Q2,Z5,area:Z5:conf=0.58,True,0.8574,cache
1780468896.6850986,Q2,Z5,area:Z5:conf=0.58,True,0.8207,cache
1780468896.6857173,Q4,Z3,compare:density:Z3:Z4:conf=0.564,True,0.5655,cache
1780468896.6865518,Q2,Z5,area:Z5:conf=0.58,True,0.7822,cache
1780468896.687575,Q4,Z3,compare:density:Z3:Z4:conf=0.564,True,0.7562,cache
1780468896.6884577,Q2,Z5,area:Z5:conf=0.58,True,0.8168,cache
1780468896.689294,Q2,Z5,area:Z5:conf=0.58,True,0.8016,cache
1780468896.6901455,Q2,Z5,area:Z5:conf=0.58,True,0.7988,cache
1780468896.69104,Q2,Z5,area:Z5:conf=0.242,True,0.8413,cache
1780468896.6919005,Q2,Z5,area:Z5:conf=0.242,True,0.8006,cache
1780468896.6927528,Q3,Z4,density:Z4:conf=0.853,True,0.7991,cache
1780468896.693596,Q2,Z5,area:Z5:conf=0.58,True,0.7919,cache
1780468896.6944854,Q3,Z2,density:Z2:conf=0.354,True,0.8369,cache
1780468896.695352,Q3,Z2,density:Z2:conf=0.354,True,0.8132,cache
1780468896.6962404,Q2,Z5,area:Z5:conf=0.58,True,0.8375,cache
1780468896.697103,Q2,Z5,area:Z5:conf=0.242,True,0.8089,cache
1780468896.6979427,Q2,Z5,area:Z5:conf=0.58,True,0.7893,cache
1780468896.6987784,Q2,Z5,area:Z5:conf=0.242,True,0.7828,cache
1780468896.699633,Q2,Z5,area:Z5:conf=0.58,True,0.7892,cache
1780468896.7006848,Q3,Z1,density:Z1:conf=0.708,True,0.9968,cache
1780468896.7056706,Q2,Z5,area:Z5:conf=0.29,False,4.9317,engine
1780468896.706548,Q2,Z5,area:Z5:conf=0.58,True,0.8091,cache
1780468896.7074192,Q3,Z2,density:Z2:conf=0.354,True,0.8197,cache
1780468896.7080145,Q4,Z2,compare:density:Z2:Z3:conf=0.354,True,0.5428,cache
1780468896.7088563,Q2,Z5,area:Z5:conf=0.58,True,0.7894,cache
1780468896.7096736,Q3,Z1,density:Z1:conf=0.708,True,0.7829,cache
1780468896.7102795,Q4,Z3,compare:density:Z3:Z4:conf=0.564,True,0.553,cache
1780468896.7143478,Q4,Z3,compare:density:Z3:Z5:conf=0.58,False,4.0145,engine
1780468896.7188654,Q1,Z3,count:Z3:conf=0.612,False,4.4612,engine
1780468896.7197387,Q2,Z5,area:Z5:conf=0.58,True,0.8323,cache
1780468896.7207608,Q2,Z5,area:Z5:conf=0.242,True,0.965,cache
1780468896.7216709,Q3,Z2,density:Z2:conf=0.354,True,0.8568,cache
1780468896.7225566,Q2,Z5,area:Z5:conf=0.58,True,0.8224,cache
1780468896.7234194,Q2,Z5,area:Z5:conf=0.58,True,0.8125,cache
1780468896.728109,Q3,Z2,density:Z2:conf=0.193,False,4.6347,engine
1780468896.7289536,Q2,Z5,area:Z5:conf=0.58,True,0.791,cache
1780468896.7297883,Q2,Z5,area:Z5:conf=0.242,True,0.7807,cache
1780468896.730699,Q3,Z1,density:Z1:conf=0.451,True,0.8581,cache
1780468896.7316015,Q2,Z5,area:Z5:conf=0.58,True,0.832,cache
1780468896.7324376,Q2,Z5,area:Z5:conf=0.242,True,0.7861,cache
1780468896.736986,Q3,Z2,density:Z2:conf=0.081,False,4.494,engine
1780468896.7378378,Q2,Z5,area:Z5:conf=0.242,True,0.7972,cache
1780468896.7386713,Q2,Z5,area:Z5:conf=0.58,True,0.7802,cache
1780468896.7395122,Q2,Z5,area:Z5:conf=0.58,True,0.7912,cache
1780468896.7400975,Q1,Z1,count:Z1:conf=0.918,True,0.5311,cache
1780468896.740986,Q2,Z5,area:Z5:conf=0.58,True,0.838,cache
1780468896.7418644,Q2,Z5,area:Z5:conf=0.242,True,0.8429,cache
1780468896.742923,Q2,Z5,area:Z5:conf=0.58,True,1.0018,cache
1780468896.7438297,Q2,Z5,area:Z5:conf=0.242,True,0.8502,cache
1780468896.7486892,Q3,Z4,density:Z4:conf=0.29,False,4.8071,engine
1780468896.7497792,Q2,Z5,area:Z5:conf=0.242,True,1.0097,cache
1780468896.7537649,Q4,Z1,compare:density:Z1:Z2:conf=0.209,False,3.934,engine
1780468896.7547035,Q2,Z5,area:Z5:conf=0.58,True,0.8306,cache
1780468896.7555776,Q2,Z5,area:Z5:conf=0.242,True,0.8392,cache
1780468896.7563694,Q4,Z1,compare:density:Z1:Z5:conf=0.386,True,0.7199,cache
1780468896.7572687,Q2,Z5,area:Z5:conf=0.242,True,0.8343,cache
1780468896.7580967,Q2,Z5,area:Z5:conf=0.58,True,0.7922,cache
1780468896.7589362,Q2,Z3,area:Z3:conf=0.242,True,0.7874,cache
1780468896.7597718,Q2,Z5,area:Z5:conf=0.58,True,0.7837,cache
1780468896.7606246,Q3,Z2,density:Z2:conf=0.354,True,0.7991,cache
1780468896.7652626,Q4,Z3,compare:density:Z3:Z5:conf=0.612,False,4.5854,engine
1780468896.766242,Q2,Z5,area:Z5:conf=0.58,True,0.8687,cache
1780468896.767096,Q2,Z5,area:Z5:conf=0.58,True,0.817,cache
1780468896.7679324,Q2,Z5,area:Z5:conf=0.58,True,0.7816,cache
1780468896.7687833,Q2,Z5,area:Z5:conf=0.242,True,0.7979,cache
1780468896.7696366,Q2,Z5,area:Z5:conf=0.58,True,0.7995,cache
1780468896.7704868,Q3,Z1,density:Z1:conf=0.773,True,0.7994,cache
1780468896.7714095,Q2,Z5,area:Z5:conf=0.58,True,0.8381,cache
1780468896.772282,Q3,Z1,density:Z1:conf=0.773,True,0.8087,cache
1780468896.7731175,Q2,Z5,area:Z5:conf=0.58,True,0.7833,cache
1780468896.7739484,Q2,Z5,area:Z5:conf=0.58,True,0.7801,cache
1780468896.7747955,Q2,Z5,area:Z5:conf=0.58,True,0.7948,cache
1780468896.7756338,Q2,Z4,area:Z4:conf=0.708,True,0.7866,cache
1780468896.776478,Q2,Z5,area:Z5:conf=0.242,True,0.7902,cache
1780468896.7773688,Q2,Z5,area:Z5:conf=0.58,True,0.8403,cache
1780468896.77824,Q3,Z1,density:Z1:conf=0.097,True,0.8171,cache
1780468896.7790792,Q3,Z2,density:Z2:conf=0.354,True,0.787,cache
1780468896.7799242,Q2,Z5,area:Z5:conf=0.58,True,0.7924,cache
1780468896.780752,Q2,Z3,area:Z3:conf=0.58,True,0.7776,cache
1780468896.781646,Q2,Z5,area:Z5:conf=0.58,True,0.8413,cache
1780468896.782499,Q2,Z5,area:Z5:conf=0.58,True,0.796,cache
1780468896.783332,Q2,Z5,area:Z5:conf=0.242,True,0.7799,cache
1780468896.7841692,Q2,Z5,area:Z5:conf=0.58,True,0.7868,cache
1780468896.7849927,Q2,Z5,area:Z5:conf=0.58,True,0.7708,cache
1780468896.7858763,Q1,Z4,count:Z4:conf=0.757,True,0.8305,cache
1780468896.7867846,Q2,Z5,area:Z5:conf=0.58,True,0.8521,cache
1780468896.7876327,Q2,Z4,area:Z4:conf=0.419,True,0.7946,cache
1780468896.788234,Q4,Z3,compare:density:Z3:Z4:conf=0.145,True,0.5475,cache
1780468896.7888324,Q4,Z3,compare:density:Z3:Z4:conf=0.564,True,0.5453,cache
1780468896.78965,Q1,Z3,count:Z3:conf=0.708,True,0.7814,cache
1780468896.79046,Q1,Z3,count:Z3:conf=0.708,True,0.7753,cache
1780468896.7944906,Q4,Z2,compare:density:Z2:Z5:conf=0.242,False,3.9768,engine
1780468896.7954957,Q2,Z5,area:Z5:conf=0.58,True,0.9315,cache
1780468896.796341,Q2,Z5,area:Z5:conf=0.58,True,0.8094,cache
1780468896.797171,Q2,Z5,area:Z5:conf=0.242,True,0.7766,cache
1780468896.7980053,Q3,Z2,density:Z2:conf=0.354,True,0.7808,cache
1780468896.798835,Q2,Z5,area:Z5:conf=0.58,True,0.777,cache
1780468896.7994316,Q4,Z3,compare:density:Z3:Z4:conf=0.564,True,0.5441,cache
1780468896.8002791,Q2,Z5,area:Z5:conf=0.58,True,0.7942,cache
1780468896.8011656,Q3,Z1,density:Z1:conf=0.129,True,0.8508,cache
1780468896.8020236,Q2,Z5,area:Z5:conf=0.58,True,0.7949,cache
1780468896.8028576,Q2,Z5,area:Z5:conf=0.58,True,0.7825,cache
1780468896.803697,Q2,Z5,area:Z5:conf=0.58,True,0.7857,cache
1780468896.8045359,Q2,Z5,area:Z5:conf=0.58,True,0.7865,cache
1780468896.8053744,Q2,Z5,area:Z5:conf=0.58,True,0.7859,cache
1780468896.80622,Q2,Z5,area:Z5:conf=0.58,True,0.794,cache
1780468896.8070629,Q2,Z5,area:Z5:conf=0.58,True,0.7917,cache
1780468896.8079185,Q2,Z5,area:Z5:conf=0.58,True,0.8045,cache
1780468896.8087907,Q2,Z5,area:Z5:conf=0.58,True,0.8192,cache
1780468896.8096344,Q2,Z5,area:Z5:conf=0.58,True,0.7916,cache
1780468896.8104699,Q2,Z5,area:Z5:conf=0.58,True,0.7824,cache
1780468896.8113544,Q2,Z5,area:Z5:conf=0.58,True,0.8325,cache
1780468896.8122227,Q2,Z5,area:Z5:conf=0.58,True,0.8114,cache
1780468896.8130531,Q2,Z5,area:Z5:conf=0.58,True,0.7783,cache
1780468896.813882,Q2,Z5,area:Z5:conf=0.58,True,0.7758,cache
1780468896.8144917,Q4,Z2,compare:density:Z2:Z3:conf=0.354,True,0.5569,cache
1780468896.8184054,Q4,Z2,compare:density:Z2:Z5:conf=0.145,False,3.8591,engine
1780468896.8230612,Q3,Z2,density:Z2:conf=0.837,False,4.6147,engine
1780468896.8241987,Q2,Z5,area:Z5:conf=0.242,True,1.0896,cache
1780468896.8250964,Q3,Z2,density:Z2:conf=0.354,True,0.8337,cache
1780468896.8259525,Q2,Z5,area:Z5:conf=0.58,True,0.8046,cache
1780468896.8268414,Q3,Z1,density:Z1:conf=0.242,True,0.8349,cache
1780468896.827453,Q4,Z2,compare:density:Z2:Z3:conf=0.354,True,0.5595,cache
1780468896.8282917,Q2,Z2,area:Z2:conf=0.547,True,0.7835,cache
1780468896.8288848,Q4,Z2,compare:density:Z2:Z4:conf=0.451,True,0.558,cache
1780468896.829723,Q2,Z5,area:Z5:conf=0.242,True,0.7845,cache
1780468896.8305545,Q3,Z1,density:Z1:conf=0.242,True,0.7969,cache
1780468896.8315172,Q2,Z4,area:Z4:conf=0.419,True,0.8914,cache
1780468896.8323836,Q2,Z5,area:Z5:conf=0.58,True,0.8097,cache
1780468896.8329835,Q4,Z3,compare:density:Z3:Z5:conf=0.58,True,0.5454,cache
1780468896.8338115,Q2,Z5,area:Z5:conf=0.58,True,0.7768,cache
1780468896.8389888,Q2,Z1,area:Z1:conf=0.869,False,5.1419,engine
1780468896.8398814,Q3,Z1,density:Z1:conf=0.242,True,0.817,cache
1780468896.8407383,Q2,Z5,area:Z5:conf=0.58,True,0.7992,cache
1780468896.841661,Q3,Z1,density:Z1:conf=0.773,True,0.8693,cache
1780468896.842533,Q2,Z5,area:Z5:conf=0.58,True,0.8163,cache
1780468896.8433774,Q3,Z1,density:Z1:conf=0.242,True,0.792,cache
1780468896.844325,Q2,Z4,area:Z4:conf=0.419,True,0.8945,cache
1780468896.845194,Q3,Z2,density:Z2:conf=0.354,True,0.813,cache
1780468896.846095,Q2,Z3,area:Z3:conf=0.242,True,0.8479,cache
1780468896.8469386,Q2,Z5,area:Z5:conf=0.58,True,0.7897,cache
1780468896.8477774,Q2,Z5,area:Z5:conf=0.58,True,0.7875,cache
1780468896.848611,Q2,Z5,area:Z5:conf=0.242,True,0.7814,cache
1780468896.8494492,Q2,Z5,area:Z5:conf=0.58,True,0.7861,cache
1780468896.8503053,Q2,Z5,area:Z5:conf=0.242,True,0.8048,cache
1780468896.8514082,Q2,Z5,area:Z5:conf=0.58,True,1.051,cache
1780468896.8522856,Q2,Z5,area:Z5:conf=0.242,True,0.8262,cache
1780468896.8531337,Q2,Z5,area:Z5:conf=0.242,True,0.7971,cache
1780468896.853755,Q4,Z2,compare:density:Z2:Z3:conf=0.048,True,0.5643,cache
1780468896.854833,Q2,Z5,area:Z5:conf=0.58,True,0.9991,cache
1780468896.8556798,Q3,Z1,density:Z1:conf=0.757,True,0.8082,cache
1780468896.8565354,Q2,Z5,area:Z5:conf=0.242,True,0.8039,cache
1780468896.857423,Q2,Z5,area:Z5:conf=0.58,True,0.8154,cache
1780468896.8584962,Q2,Z5,area:Z5:conf=0.242,True,1.0216,cache
1780468896.8597357,Q2,Z5,area:Z5:conf=0.242,True,0.8539,cache
1780468896.8606863,Q2,Z5,area:Z5:conf=0.58,True,0.8955,cache
1780468896.861567,Q2,Z5,area:Z5:conf=0.242,True,0.8253,cache
1780468896.8624322,Q2,Z5,area:Z5:conf=0.58,True,0.8049,cache
1780468896.8633494,Q2,Z5,area:Z5:conf=0.58,True,0.8634,cache
1780468896.8642712,Q3,Z2,density:Z2:conf=0.354,True,0.8673,cache
1780468896.8651114,Q2,Z5,area:Z5:conf=0.242,True,0.7869,cache
1780468896.8659728,Q3,Z5,density:Z5:conf=0.032,True,0.8104,cache
1780468896.8668213,Q2,Z5,area:Z5:conf=0.58,True,0.7949,cache
1780468896.8709128,Q4,Z3,compare:density:Z3:Z4:conf=0.354,False,4.0381,engine
1780468896.871892,Q3,Z1,density:Z1:conf=0.708,True,0.8785,cache
1780468896.875699,Q4,Z3,compare:density:Z3:Z5:conf=0.242,False,3.7631,engine
1780468896.8766274,Q1,Z1,count:Z1:conf=0.805,True,0.8651,cache
1780468896.8774836,Q2,Z5,area:Z5:conf=0.58,True,0.8205,cache
1780468896.8783314,Q2,Z5,area:Z5:conf=0.242,True,0.7936,cache
1780468896.8791778,Q2,Z5,area:Z5:conf=0.58,True,0.7947,cache
1780468896.8800404,Q3,Z1,density:Z1:conf=0.66,True,0.8085,cache
1780468896.880936,Q3,Z2,density:Z2:conf=0.354,True,0.8425,cache
1780468896.8818707,Q2,Z5,area:Z5:conf=0.58,True,0.8796,cache
1780468896.8827102,Q1,Z5,count:Z5:conf=0.338,True,0.7878,cache
1780468896.8835502,Q2,Z5,area:Z5:conf=0.58,True,0.788,cache
1780468896.8844347,Q3,Z2,density:Z2:conf=0.354,True,0.8327,cache
1780468896.8852947,Q2,Z4,area:Z4:conf=0.708,True,0.8047,cache
1780468896.8861434,Q2,Z5,area:Z5:conf=0.58,True,0.7974,cache
1780468896.8869874,Q3,Z2,density:Z2:conf=0.354,True,0.7912,cache
1780468896.8878706,Q3,Z1,density:Z1:conf=0.66,True,0.8318,cache
1780468896.8887277,Q2,Z5,area:Z5:conf=0.58,True,0.8034,cache
1780468896.8895576,Q2,Z5,area:Z5:conf=0.242,True,0.7788,cache
1780468896.890409,Q2,Z5,area:Z5:conf=0.58,True,0.7924,cache
1780468896.8913407,Q3,Z1,density:Z1:conf=0.773,True,0.8797,cache
1780468896.8922038,Q2,Z5,area:Z5:conf=0.58,True,0.8004,cache
1780468896.8970382,Q3,Z1,density:Z1:conf=0.419,False,4.7825,engine
1780468896.8977976,Q4,Z2,compare:density:Z2:Z4:conf=0.451,True,0.6901,cache
1780468896.89873,Q2,Z5,area:Z5:conf=0.58,True,0.8712,cache
1780468896.899564,Q2,Z5,area:Z5:conf=0.58,True,0.7988,cache
1780468896.9004145,Q3,Z2,density:Z2:conf=0.354,True,0.7983,cache
1780468896.9012835,Q2,Z4,area:Z4:conf=0.708,True,0.8143,cache
1780468896.9021504,Q2,Z5,area:Z5:conf=0.242,True,0.797,cache
1780468896.9030008,Q2,Z5,area:Z5:conf=0.58,True,0.7974,cache
1780468896.9038446,Q2,Z5,area:Z5:conf=0.58,True,0.7921,cache
1780468896.9078162,Q4,Z2,compare:density:Z2:Z5:conf=0.58,False,3.9173,engine
1780468896.908723,Q2,Z5,area:Z5:conf=0.242,True,0.8495,cache
1780468896.9093156,Q4,Z1,compare:density:Z1:Z4:conf=0.644,True,0.5569,cache
1780468896.9101849,Q2,Z5,area:Z5:conf=0.242,True,0.8184,cache
1780468896.9132144,Q4,Z2,compare:density:Z2:Z4:conf=0.934,False,2.993,engine
1780468896.914103,Q2,Z5,area:Z5:conf=0.58,True,0.8156,cache
1780468896.9149408,Q2,Z5,area:Z5:conf=0.58,True,0.7962,cache
1780468896.915818,Q1,Z5,count:Z5:conf=0.338,True,0.8225,cache
1780468896.9164467,Q4,Z2,compare:density:Z2:Z4:conf=0.081,True,0.5783,cache
1780468896.9172876,Q2,Z5,area:Z5:conf=0.58,True,0.786,cache
1780468896.9181101,Q2,Z5,area:Z5:conf=0.58,True,0.788,cache
1780468896.9189596,Q2,Z5,area:Z5:conf=0.242,True,0.7956,cache
1780468896.919814,Q2,Z5,area:Z5:conf=0.242,True,0.8039,cache
1780468896.9206665,Q2,Z5,area:Z5:conf=0.58,True,0.7988,cache
1780468896.9251223,Q4,Z2,compare:density:Z2:Z3:conf=0.837,False,4.4034,engine
1780468896.9261255,Q2,Z5,area:Z5:conf=0.58,True,0.8815,cache
1780468896.9269624,Q1,Z3,count:Z3:conf=0.708,True,0.8011,cache
1780468896.9277945,Q2,Z5,area:Z5:conf=0.58,True,0.7776,cache
1780468896.9286351,Q2,Z5,area:Z5:conf=0.58,True,0.7906,cache
1780468896.9294896,Q3,Z1,density:Z1:conf=0.773,True,0.8008,cache
1780468896.930575,Q2,Z5,area:Z5:conf=0.58,True,1.0336,cache
1780468896.9317887,Q3,Z1,density:Z1:conf=0.773,True,1.1296,cache
1780468896.9327147,Q2,Z5,area:Z5:conf=0.58,True,0.8453,cache
1780468896.9373255,Q3,Z4,density:Z4:conf=0.596,False,4.5563,engine
1780468896.9382253,Q1,Z4,count:Z4:conf=0.757,True,0.8439,cache
1780468896.9390683,Q2,Z1,area:Z1:conf=0.435,True,0.7891,cache
1780468896.9399102,Q2,Z5,area:Z5:conf=0.58,True,0.7914,cache
1780468896.9407609,Q2,Z5,area:Z5:conf=0.58,True,0.7978,cache
1780468896.9416394,Q2,Z5,area:Z5:conf=0.58,True,0.8281,cache
1780468896.9424925,Q3,Z2,density:Z2:conf=0.354,True,0.7994,cache
1780468896.943319,Q2,Z5,area:Z5:conf=0.58,True,0.7771,cache
1780468896.9441688,Q2,Z5,area:Z5:conf=0.58,True,0.7967,cache
1780468896.9450104,Q2,Z5,area:Z5:conf=0.58,True,0.7917,cache
1780468896.9458675,Q2,Z5,area:Z5:conf=0.58,True,0.8047,cache
1780468896.9467278,Q2,Z5,area:Z5:conf=0.58,True,0.811,cache
1780468896.947591,Q2,Z5,area:Z5:conf=0.58,True,0.8102,cache
1780468896.948436,Q2,Z5,area:Z5:conf=0.58,True,0.7941,cache
1780468896.9490407,Q4,Z3,compare:density:Z3:Z4:conf=0.564,True,0.5505,cache
1780468896.9498801,Q2,Z5,area:Z5:conf=0.58,True,0.788,cache
1780468896.9507093,Q2,Z5,area:Z5:conf=0.58,True,0.7942,cache
1780468896.9520006,Q3,Z2,density:Z2:conf=0.354,True,1.2396,cache
1780468896.9528625,Q3,Z1,density:Z1:conf=0.242,True,0.7948,cache
1780468896.9536955,Q2,Z5,area:Z5:conf=0.58,True,0.7812,cache
1780468896.954542,Q3,Z2,density:Z2:conf=0.354,True,0.7947,cache
1780468896.9595044,Q3,Z4,density:Z4:conf=0.757,False,4.9105,engine
1780468896.9603639,Q2,Z5,area:Z5:conf=0.242,True,0.8021,cache
1780468896.9612253,Q1,Z1,count:Z1:conf=0.242,True,0.8093,cache
1780468896.9624918,Q2,Z3,area:Z3:conf=0.853,True,1.2063,cache
1780468896.9634387,Q2,Z5,area:Z5:conf=0.58,True,0.8915,cache
1780468896.9644175,Q2,Z5,area:Z5:conf=0.242,True,0.9156,cache
1780468896.9652917,Q1,Z3,count:Z3:conf=0.708,True,0.8222,cache
1780468896.969146,Q4,Z3,compare:density:Z3:Z4:conf=0.306,False,3.8014,engine
1780468896.9700272,Q2,Z5,area:Z5:conf=0.242,True,0.8233,cache
1780468896.9708874,Q2,Z5,area:Z5:conf=0.58,True,0.825,cache
1780468896.9717329,Q3,Z2,density:Z2:conf=0.354,True,0.7918,cache
1780468896.9725666,Q2,Z5,area:Z5:conf=0.58,True,0.7825,cache
1780468896.9734156,Q1,Z4,count:Z4:conf=0.757,True,0.7964,cache
1780468896.9742765,Q2,Z5,area:Z5:conf=0.242,True,0.8095,cache
1780468896.975115,Q2,Z4,area:Z4:conf=0.708,True,0.7852,cache
1780468896.9793606,Q3,Z5,density:Z5:conf=0.0,False,4.1933,engine
1780468896.9799905,Q4,Z3,compare:density:Z3:Z4:conf=0.564,True,0.5692,cache
1780468896.9806428,Q4,Z3,compare:density:Z3:Z4:conf=0.564,True,0.5986,cache
1780468896.9813266,Q4,Z2,compare:density:Z2:Z3:conf=0.354,True,0.6456,cache
1780468896.9822986,Q3,Z1,density:Z1:conf=0.451,True,0.9263,cache
1780468896.983144,Q3,Z5,density:Z5:conf=0.0,True,0.8101,cache
1780468896.9839892,Q2,Z5,area:Z5:conf=0.58,True,0.7921,cache
1780468896.9848557,Q3,Z2,density:Z2:conf=0.354,True,0.8135,cache
1780468896.9857075,Q2,Z5,area:Z5:conf=0.58,True,0.7985,cache
1780468896.9863074,Q4,Z1,compare:density:Z1:Z5:conf=0.386,True,0.5471,cache
1780468896.9869072,Q4,Z3,compare:density:Z3:Z4:conf=0.564,True,0.5468,cache
1780468896.9877486,Q2,Z5,area:Z5:conf=0.242,True,0.8048,cache
1780468896.9885774,Q2,Z5,area:Z5:conf=0.58,True,0.7927,cache
1780468896.9894083,Q2,Z5,area:Z5:conf=0.58,True,0.779,cache
1780468896.9902806,Q1,Z3,count:Z3:conf=0.708,True,0.8204,cache
1780468896.9911463,Q2,Z5,area:Z5:conf=0.58,True,0.8123,cache
1780468896.9919991,Q2,Z5,area:Z5:conf=0.58,True,0.7917,cache
1780468896.993138,Q2,Z4,area:Z4:conf=0.081,True,1.0851,cache
1780468896.9938169,Q4,Z2,compare:density:Z2:Z3:conf=0.354,True,0.6111,cache
1780468896.9947054,Q2,Z5,area:Z5:conf=0.58,True,0.8343,cache
1780468896.9955697,Q2,Z5,area:Z5:conf=0.58,True,0.8195,cache
1780468897.0009384,Q2,Z1,area:Z1:conf=0.225,False,5.3121,engine
1780468897.0020614,Q1,Z3,count:Z3:conf=0.708,True,0.9515,cache
1780468897.0028164,Q4,Z3,compare:density:Z3:Z4:conf=0.564,True,0.6047,cache
1780468897.0037348,Q2,Z5,area:Z5:conf=0.58,True,0.8566,cache
1780468897.0046234,Q2,Z5,area:Z5:conf=0.58,True,0.8525,cache
1780468897.0054934,Q2,Z5,area:Z5:conf=0.58,True,0.8084,cache
1780468897.0063624,Q2,Z4,area:Z4:conf=0.708,True,0.8128,cache
1780468897.0072196,Q2,Z5,area:Z5:conf=0.58,True,0.8034,cache
1780468897.0080838,Q2,Z5,area:Z5:conf=0.58,True,0.8121,cache
1780468897.0089636,Q2,Z4,area:Z4:conf=0.708,True,0.8228,cache
1780468897.0097206,Q3,Z5,density:Z5:conf=0.902,True,0.7028,cache
1780468897.01033,Q4,Z2,compare:density:Z2:Z3:conf=0.354,True,0.5566,cache
1780468897.0112083,Q2,Z5,area:Z5:conf=0.242,True,0.8324,cache
1780468897.0120656,Q2,Z5,area:Z5:conf=0.242,True,0.8146,cache
1780468897.0129206,Q2,Z5,area:Z5:conf=0.242,True,0.8024,cache
1780468897.013774,Q2,Z5,area:Z5:conf=0.58,True,0.7968,cache
1780468897.0146215,Q2,Z5,area:Z5:conf=0.242,True,0.7953,cache
1780468897.015466,Q2,Z5,area:Z5:conf=0.242,True,0.7909,cache
1780468897.0163183,Q3,Z2,density:Z2:conf=0.354,True,0.7984,cache
1780468897.0169349,Q4,Z2,compare:density:Z2:Z3:conf=0.837,True,0.5625,cache
1780468897.021748,Q1,Z5,count:Z5:conf=0.29,False,4.7594,engine
1780468897.0226533,Q2,Z5,area:Z5:conf=0.58,True,0.8412,cache
1780468897.023548,Q2,Z5,area:Z5:conf=0.58,True,0.8313,cache
1780468897.024426,Q2,Z5,area:Z5:conf=0.58,True,0.8218,cache
1780468897.025296,Q2,Z5,area:Z5:conf=0.58,True,0.8163,cache
1780468897.0261865,Q2,Z5,area:Z5:conf=0.58,True,0.8053,cache
1780468897.0270402,Q2,Z5,area:Z5:conf=0.58,True,0.8017,cache
1780468897.0276573,Q4,Z2,compare:density:Z2:Z3:conf=0.354,True,0.564,cache
1780468897.0285113,Q2,Z5,area:Z5:conf=0.242,True,0.8013,cache
1780468897.0333421,Q2,Z1,area:Z1:conf=0.145,False,4.7948,engine
1780468897.0345635,Q2,Z5,area:Z5:conf=0.58,True,0.8681,cache
1780468897.0354168,Q2,Z5,area:Z5:conf=0.58,True,0.7979,cache
1780468897.0362742,Q2,Z5,area:Z5:conf=0.242,True,0.8035,cache
1780468897.0371318,Q2,Z5,area:Z5:conf=0.58,True,0.8062,cache
1780468897.037995,Q2,Z5,area:Z5:conf=0.58,True,0.8104,cache
1780468897.042448,Q4,Z3,compare:density:Z3:Z4:conf=0.869,False,4.3994,engine
1780468897.0434895,Q2,Z5,area:Z5:conf=0.58,True,0.8601,cache
1780468897.0443547,Q2,Z5,area:Z5:conf=0.58,True,0.8234,cache
1780468897.0452394,Q3,Z2,density:Z2:conf=0.354,True,0.8305,cache
1780468897.0461013,Q2,Z5,area:Z5:conf=0.242,True,0.8093,cache
1780468897.0469563,Q3,Z2,density:Z2:conf=0.354,True,0.8022,cache
1780468897.0478046,Q2,Z5,area:Z5:conf=0.58,True,0.7968,cache
1780468897.0486612,Q3,Z5,density:Z5:conf=0.032,True,0.8027,cache
1780468897.0495198,Q2,Z5,area:Z5:conf=0.58,True,0.8072,cache
1780468897.0503545,Q2,Z5,area:Z5:conf=0.242,True,0.7821,cache
1780468897.051208,Q1,Z3,count:Z3:conf=0.708,True,0.8012,cache
1780468897.0523918,Q1,Z4,count:Z4:conf=0.37,True,1.1219,cache
1780468897.053236,Q2,Z5,area:Z5:conf=0.58,True,0.7922,cache
1780468897.0541213,Q3,Z2,density:Z2:conf=0.354,True,0.8212,cache
1780468897.0550897,Q2,Z5,area:Z5:conf=0.58,True,0.8993,cache
1780468897.05601,Q2,Z5,area:Z5:conf=0.58,True,0.8671,cache
1780468897.056862,Q2,Z5,area:Z5:conf=0.58,True,0.8019,cache
1780468897.0577252,Q2,Z4,area:Z4:conf=0.708,True,0.8014,cache
1780468897.0585725,Q2,Z5,area:Z5:conf=0.58,True,0.7952,cache
1780468897.0594063,Q2,Z4,area:Z4:conf=0.708,True,0.7817,cache
1780468897.060262,Q2,Z5,area:Z5:conf=0.58,True,0.8046,cache
1780468897.0611334,Q2,Z3,area:Z3:conf=0.596,True,0.8188,cache
1780468897.0619802,Q1,Z1,count:Z1:conf=0.805,True,0.795,cache
1780468897.0628362,Q2,Z5,area:Z5:conf=0.58,True,0.8032,cache
1780468897.0637255,Q2,Z5,area:Z5:conf=0.58,True,0.838,cache
1780468897.0645835,Q2,Z5,area:Z5:conf=0.58,True,0.8055,cache
1780468897.0654588,Q3,Z1,density:Z1:conf=0.097,True,0.8236,cache
1780468897.066349,Q2,Z5,area:Z5:conf=0.58,True,0.8369,cache
1780468897.067213,Q3,Z2,density:Z2:conf=0.354,True,0.8092,cache
1780468897.0680676,Q2,Z5,area:Z5:conf=0.242,True,0.8003,cache
1780468897.0689213,Q2,Z3,area:Z3:conf=0.853,True,0.8019,cache
1780468897.0697737,Q2,Z5,area:Z5:conf=0.242,True,0.8001,cache
1780468897.0710547,Q2,Z5,area:Z5:conf=0.242,True,1.1959,cache
1780468897.0760353,Q1,Z4,count:Z4:conf=0.338,False,4.9016,engine
1780468897.0769095,Q2,Z5,area:Z5:conf=0.58,True,0.8121,cache
1780468897.0777543,Q1,Z5,count:Z5:conf=0.0,True,0.7907,cache
1780468897.0786324,Q2,Z5,area:Z5:conf=0.58,True,0.8252,cache
1780468897.079604,Q2,Z5,area:Z5:conf=0.242,True,0.9176,cache
1780468897.0805154,Q3,Z1,density:Z1:conf=0.741,True,0.8582,cache
1780468897.0813818,Q3,Z1,density:Z1:conf=0.773,True,0.8137,cache
1780468897.0822783,Q3,Z1,density:Z1:conf=0.773,True,0.8394,cache
1780468897.0831358,Q2,Z5,area:Z5:conf=0.58,True,0.8059,cache
1780468897.0839708,Q2,Z5,area:Z5:conf=0.242,True,0.7841,cache
1780468897.084833,Q2,Z5,area:Z5:conf=0.58,True,0.81,cache
1780468897.0858095,Q2,Z5,area:Z5:conf=0.242,True,0.9236,cache
1780468897.086677,Q2,Z5,area:Z5:conf=0.242,True,0.811,cache
1780468897.0875103,Q2,Z5,area:Z5:conf=0.58,True,0.7811,cache
1780468897.088544,Q2,Z5,area:Z5:conf=0.58,True,0.9817,cache
1780468897.089409,Q2,Z5,area:Z5:conf=0.58,True,0.8109,cache
1780468897.0902739,Q2,Z5,area:Z5:conf=0.58,True,0.812,cache
1780468897.0911334,Q2,Z5,area:Z5:conf=0.58,True,0.8083,cache
1780468897.091739,Q4,Z1,compare:density:Z1:Z4:conf=0.644,True,0.5528,cache
1780468897.0926003,Q3,Z2,density:Z2:conf=0.354,True,0.8076,cache
1780468897.093421,Q2,Z5,area:Z5:conf=0.58,True,0.7859,cache
1780468897.0945022,Q1,Z3,count:Z3:conf=0.708,True,1.0269,cache
1780468897.0951698,Q4,Z2,compare:density:Z2:Z3:conf=0.37,True,0.6115,cache
1780468897.0960486,Q2,Z5,area:Z5:conf=0.58,True,0.8179,cache
1780468897.09688,Q2,Z5,area:Z5:conf=0.58,True,0.7968,cache
1780468897.0979247,Q2,Z5,area:Z5:conf=0.58,True,0.9908,cache
1780468897.0989044,Q2,Z5,area:Z5:conf=0.58,True,0.9178,cache
1780468897.0996351,Q4,Z2,compare:density:Z2:Z3:conf=0.354,True,0.6734,cache
1780468897.1053548,Q2,Z1,area:Z1:conf=0.805,False,5.6557,engine
1780468897.106292,Q2,Z5,area:Z5:conf=0.58,True,0.8498,cache
1780468897.1071436,Q1,Z4,count:Z4:conf=0.757,True,0.7964,cache
1780468897.1079926,Q2,Z5,area:Z5:conf=0.58,True,0.7928,cache
1780468897.1088498,Q3,Z2,density:Z2:conf=0.354,True,0.8041,cache
1780468897.109474,Q4,Z2,compare:density:Z2:Z3:conf=0.354,True,0.5709,cache
1780468897.1103427,Q2,Z5,area:Z5:conf=0.58,True,0.8122,cache
1780468897.1111941,Q2,Z5,area:Z5:conf=0.58,True,0.8164,cache
1780468897.1120722,Q3,Z2,density:Z2:conf=0.354,True,0.8155,cache
1780468897.1160953,Q4,Z2,compare:density:Z2:Z5:conf=0.177,False,3.9698,engine
1780468897.116984,Q2,Z5,area:Z5:conf=0.58,True,0.8238,cache
1780468897.1178162,Q2,Z5,area:Z5:conf=0.58,True,0.7958,cache
1780468897.1186721,Q2,Z5,area:Z5:conf=0.58,True,0.8007,cache
1780468897.1195188,Q3,Z2,density:Z2:conf=0.354,True,0.7944,cache
1780468897.12037,Q3,Z2,density:Z2:conf=0.354,True,0.7987,cache
1780468897.1212456,Q2,Z3,area:Z3:conf=0.853,True,0.8237,cache
1780468897.1218576,Q4,Z2,compare:density:Z2:Z3:conf=0.354,True,0.5573,cache
1780468897.122708,Q3,Z1,density:Z1:conf=0.757,True,0.7973,cache
1780468897.1235108,Q2,Z4,area:Z4:conf=0.419,True,0.7676,cache
1780468897.124399,Q2,Z5,area:Z5:conf=0.58,True,0.8348,cache
1780468897.125271,Q3,Z2,density:Z2:conf=0.354,True,0.8194,cache
1780468897.1261103,Q2,Z5,area:Z5:conf=0.58,True,0.7872,cache
1780468897.126959,Q2,Z5,area:Z5:conf=0.58,True,0.7971,cache
1780468897.1306984,Q4,Z1,compare:density:Z1:Z3:conf=0.403,False,3.6856,engine
1780468897.131729,Q3,Z1,density:Z1:conf=0.773,True,0.9695,cache
1780468897.1363614,Q3,Z2,density:Z2:conf=0.596,False,4.5779,engine
1780468897.1372278,Q2,Z5,area:Z5:conf=0.242,True,0.8043,cache
1780468897.1381023,Q3,Z2,density:Z2:conf=0.354,True,0.8213,cache
1780468897.1389327,Q2,Z5,area:Z5:conf=0.242,True,0.7767,cache
1780468897.1397753,Q2,Z5,area:Z5:conf=0.58,True,0.7897,cache
1780468897.1406474,Q2,Z5,area:Z5:conf=0.58,True,0.8201,cache
1780468897.141516,Q2,Z5,area:Z5:conf=0.242,True,0.814,cache
1780468897.1423724,Q2,Z5,area:Z5:conf=0.58,True,0.7776,cache
1780468897.1445825,Q1,Z1,count:Z1:conf=0.934,False,2.1592,engine
1780468897.1455076,Q2,Z5,area:Z5:conf=0.58,True,0.8689,cache
1780468897.1463907,Q2,Z5,area:Z5:conf=0.58,True,0.8665,cache
1780468897.1471417,Q4,Z2,compare:density:Z2:Z3:conf=0.354,True,0.6957,cache
1780468897.148032,Q2,Z5,area:Z5:conf=0.58,True,0.8385,cache
1780468897.1502047,Q2,Z4,area:Z4:conf=0.934,False,2.1372,engine
1780468897.151142,Q2,Z4,area:Z4:conf=0.708,True,0.8807,cache
1780468897.1519523,Q2,Z5,area:Z5:conf=0.58,True,0.7922,cache
1780468897.153047,Q1,Z3,count:Z3:conf=0.708,True,1.0398,cache
1780468897.1536345,Q4,Z3,compare:density:Z3:Z4:conf=0.564,True,0.5395,cache
1780468897.1542976,Q4,Z2,compare:density:Z2:Z3:conf=0.354,True,0.6082,cache
1780468897.155142,Q1,Z5,count:Z5:conf=0.0,True,0.807,cache
1780468897.1559548,Q2,Z4,area:Z4:conf=0.708,True,0.7775,cache
1780468897.1568108,Q3,Z2,density:Z2:conf=0.354,True,0.8028,cache
1780468897.1577647,Q2,Z5,area:Z5:conf=0.58,True,0.9039,cache
1780468897.1586137,Q1,Z3,count:Z3:conf=0.708,True,0.7968,cache
1780468897.163955,Q3,Z3,density:Z3:conf=0.902,False,5.2897,engine
1780468897.1650155,Q3,Z2,density:Z2:conf=0.354,True,0.852,cache
1780468897.165969,Q3,Z1,density:Z1:conf=0.773,True,0.8945,cache
1780468897.1668382,Q2,Z5,area:Z5:conf=0.242,True,0.8105,cache
1780468897.1674562,Q4,Z2,compare:density:Z2:Z3:conf=0.354,True,0.5674,cache
1780468897.1714337,Q4,Z1,compare:density:Z1:Z4:conf=0.338,False,3.9214,engine
1780468897.172429,Q2,Z5,area:Z5:conf=0.58,True,0.9345,cache
1780468897.1733036,Q2,Z5,area:Z5:conf=0.58,True,0.8345,cache
1780468897.1742067,Q3,Z2,density:Z2:conf=0.354,True,0.8505,cache
1780468897.1750505,Q2,Z5,area:Z5:conf=0.242,True,0.7904,cache
1780468897.1759522,Q3,Z2,density:Z2:conf=0.354,True,0.8496,cache
1780468897.1767905,Q2,Z5,area:Z5:conf=0.58,True,0.7852,cache
1780468897.1776862,Q2,Z5,area:Z5:conf=0.242,True,0.8372,cache
1780468897.1786082,Q3,Z2,density:Z2:conf=0.354,True,0.87,cache
1780468897.1794512,Q3,Z2,density:Z2:conf=0.354,True,0.7908,cache
1780468897.1802976,Q3,Z1,density:Z1:conf=0.773,True,0.7949,cache
1780468897.1811922,Q2,Z4,area:Z4:conf=0.708,True,0.8442,cache
1780468897.1818008,Q4,Z3,compare:density:Z3:Z4:conf=0.564,True,0.5574,cache
1780468897.1826487,Q2,Z3,area:Z3:conf=0.853,True,0.795,cache
1780468897.1832283,Q4,Z3,compare:density:Z3:Z4:conf=0.564,True,0.5453,cache
1780468897.184155,Q3,Z2,density:Z2:conf=0.354,True,0.8739,cache
1780468897.184764,Q4,Z3,compare:density:Z3:Z4:conf=0.564,True,0.5709,cache
1780468897.1856272,Q2,Z5,area:Z5:conf=0.58,True,0.8116,cache
1780468897.1864555,Q2,Z5,area:Z5:conf=0.58,True,0.7923,cache
1780468897.1872802,Q2,Z5,area:Z5:conf=0.242,True,0.773,cache
1780468897.1878953,Q4,Z1,compare:density:Z1:Z4:conf=0.644,True,0.5633,cache
1780468897.1887596,Q3,Z1,density:Z1:conf=0.773,True,0.812,cache
1780468897.1895719,Q2,Z5,area:Z5:conf=0.58,True,0.7772,cache
1780468897.190625,Q3,Z2,density:Z2:conf=0.354,True,1.0012,cache
1780468897.1914933,Q2,Z5,area:Z5:conf=0.58,True,0.8132,cache
1780468897.1923416,Q2,Z4,area:Z4:conf=0.708,True,0.7849,cache
1780468897.1932096,Q3,Z5,density:Z5:conf=0.032,True,0.8167,cache
1780468897.1941195,Q3,Z2,density:Z2:conf=0.354,True,0.8587,cache
1780468897.1949658,Q3,Z2,density:Z2:conf=0.354,True,0.7924,cache
1780468897.1958218,Q2,Z5,area:Z5:conf=0.58,True,0.805,cache
1780468897.1970425,Q2,Z5,area:Z5:conf=0.242,True,0.8259,cache
1780468897.1978865,Q2,Z3,area:Z3:conf=0.596,True,0.7918,cache
1780468897.198723,Q2,Z4,area:Z4:conf=0.708,True,0.7844,cache
1780468897.1995647,Q2,Z5,area:Z5:conf=0.242,True,0.7908,cache
1780468897.2004008,Q2,Z5,area:Z5:conf=0.58,True,0.7846,cache
1780468897.2012908,Q2,Z5,area:Z5:conf=0.58,True,0.8391,cache
1780468897.2021632,Q2,Z5,area:Z5:conf=0.58,True,0.8138,cache
1780468897.203039,Q2,Z5,area:Z5:conf=0.58,True,0.8247,cache
1780468897.2038841,Q2,Z5,area:Z5:conf=0.58,True,0.7944,cache
1780468897.2090864,Q4,Z1,compare:density:Z1:Z3:conf=0.708,False,5.1508,engine
1780468897.210093,Q2,Z5,area:Z5:conf=0.242,True,0.9173,cache
1780468897.2109566,Q2,Z5,area:Z5:conf=0.58,True,0.8273,cache
1780468897.2117927,Q2,Z5,area:Z5:conf=0.58,True,0.7828,cache
1780468897.21263,Q2,Z5,area:Z5:conf=0.58,True,0.7855,cache
1780468897.2134786,Q3,Z1,density:Z1:conf=0.66,True,0.7965,cache
1780468897.21436,Q2,Z5,area:Z5:conf=0.58,True,0.8298,cache
1780468897.2152193,Q3,Z1,density:Z1:conf=0.242,True,0.8063,cache
1780468897.216046,Q2,Z4,area:Z4:conf=0.419,True,0.7758,cache
1780468897.216892,Q2,Z5,area:Z5:conf=0.58,True,0.7882,cache
1780468897.2174904,Q4,Z3,compare:density:Z3:Z4:conf=0.564,True,0.5478,cache
1780468897.2212315,Q4,Z3,compare:density:Z3:Z5:conf=0.193,False,3.6872,engine
1780468897.2221847,Q2,Z5,area:Z5:conf=0.242,True,0.884,cache
1780468897.2230325,Q2,Z5,area:Z5:conf=0.58,True,0.8015,cache
1780468897.2233162,Q1,Z2,count:Z2:conf=0.934,True,0.2292,cache
1780468897.2239084,Q4,Z2,compare:density:Z2:Z5:conf=0.725,True,0.5412,cache
1780468897.2247887,Q2,Z5,area:Z5:conf=0.242,True,0.8649,cache
1780468897.2256334,Q3,Z2,density:Z2:conf=0.354,True,0.8085,cache
1780468897.2264926,Q2,Z5,area:Z5:conf=0.58,True,0.8074,cache
1780468897.2273574,Q3,Z1,density:Z1:conf=0.66,True,0.8149,cache
1780468897.228187,Q2,Z5,area:Z5:conf=0.242,True,0.777,cache
1780468897.229023,Q2,Z5,area:Z5:conf=0.58,True,0.7863,cache
1780468897.2298734,Q3,Z1,density:Z1:conf=0.773,True,0.7975,cache
1780468897.2343838,Q1,Z2,count:Z2:conf=0.0,False,4.4592,engine
1780468897.2353525,Q1,Z5,count:Z5:conf=0.0,True,0.8691,cache
1780468897.2362628,Q2,Z5,area:Z5:conf=0.58,True,0.8413,cache
1780468897.2371225,Q2,Z5,area:Z5:conf=0.58,True,0.8,cache
1780468897.2409744,Q4,Z1,compare:density:Z1:Z5:conf=0.242,False,3.8009,engine
1780468897.2419002,Q3,Z1,density:Z1:conf=0.419,True,0.8497,cache
1780468897.242739,Q3,Z2,density:Z2:conf=0.354,True,0.8035,cache
1780468897.243362,Q4,Z3,compare:density:Z3:Z4:conf=0.564,True,0.5698,cache
1780468897.2442837,Q2,Z5,area:Z5:conf=0.242,True,0.8707,cache
1780468897.245138,Q2,Z5,area:Z5:conf=0.242,True,0.8175,cache
1780468897.2459848,Q2,Z5,area:Z5:conf=0.58,True,0.7958,cache
1780468897.2468338,Q2,Z5,area:Z5:conf=0.58,True,0.7973,cache
1780468897.2476954,Q2,Z5,area:Z5:conf=0.58,True,0.8105,cache
1780468897.2485368,Q1,Z1,count:Z1:conf=0.805,True,0.7904,cache
1780468897.249368,Q2,Z5,area:Z5:conf=0.58,True,0.7804,cache
1780468897.2502174,Q2,Z5,area:Z5:conf=0.58,True,0.7973,cache
1780468897.25112,Q3,Z2,density:Z2:conf=0.354,True,0.851,cache
1780468897.2519855,Q2,Z5,area:Z5:conf=0.58,True,0.7986,cache
1780468897.2528183,Q2,Z5,area:Z5:conf=0.58,True,0.7815,cache
1780468897.2540658,Q3,Z2,density:Z2:conf=0.354,True,1.1951,cache
1780468897.2554026,Q2,Z5,area:Z5:conf=0.58,True,1.2825,cache
1780468897.2561316,Q4,Z3,compare:density:Z3:Z4:conf=0.564,True,0.6408,cache
1780468897.2566078,Q2,Z5,area:Z5:conf=0.934,True,0.4138,cache
1780468897.2574441,Q2,Z5,area:Z5:conf=0.58,True,0.7975,cache
1780468897.2582686,Q2,Z3,area:Z3:conf=0.547,True,0.8001,cache
1780468897.259118,Q3,Z1,density:Z1:conf=0.612,True,0.7956,cache
1780468897.259976,Q1,Z5,count:Z5:conf=0.0,True,0.8077,cache
1780468897.260599,Q4,Z3,compare:density:Z3:Z4:conf=0.564,True,0.5697,cache
1780468897.2612095,Q4,Z3,compare:density:Z3:Z4:conf=0.564,True,0.5586,cache
1780468897.2618182,Q4,Z3,compare:density:Z3:Z4:conf=0.564,True,0.563,cache
1780468897.2626462,Q1,Z3,count:Z3:conf=0.708,True,0.7929,cache
1780468897.26347,Q2,Z5,area:Z5:conf=0.58,True,0.7882,cache
1780468897.2675014,Q4,Z2,compare:density:Z2:Z4:conf=0.499,False,3.9793,engine
1780468897.26843,Q3,Z2,density:Z2:conf=0.354,True,0.8719,cache
1780468897.2692633,Q3,Z1,density:Z1:conf=0.708,True,0.7975,cache
1780468897.2701464,Q2,Z5,area:Z5:conf=0.58,True,0.8115,cache
1780468897.2710295,Q2,Z5,area:Z5:conf=0.58,True,0.8326,cache
1780468897.2718768,Q2,Z5,area:Z5:conf=0.242,True,0.792,cache
1780468897.272737,Q2,Z5,area:Z5:conf=0.242,True,0.8122,cache
1780468897.2735794,Q2,Z5,area:Z5:conf=0.242,True,0.7884,cache
1780468897.2744555,Q2,Z5,area:Z5:conf=0.58,True,0.8265,cache
1780468897.2753177,Q2,Z5,area:Z5:conf=0.58,True,0.8081,cache
1780468897.276139,Q2,Z5,area:Z5:conf=0.242,True,0.7726,cache
1780468897.2769873,Q2,Z5,area:Z5:conf=0.58,True,0.7947,cache
1780468897.2816164,Q3,Z3,density:Z3:conf=0.306,False,4.5791,engine
1780468897.2825756,Q2,Z5,area:Z5:conf=0.58,True,0.8458,cache
1780468897.2834256,Q2,Z5,area:Z5:conf=0.58,True,0.7816,cache
1780468897.2843091,Q2,Z5,area:Z5:conf=0.58,True,0.8288,cache
1780468897.2851896,Q3,Z2,density:Z2:conf=0.354,True,0.8296,cache
1780468897.2863615,Q2,Z5,area:Z5:conf=0.242,True,1.0998,cache
1780468897.2869818,Q4,Z3,compare:density:Z3:Z4:conf=0.564,True,0.5681,cache
1780468897.2919497,Q1,Z1,count:Z1:conf=0.692,False,4.9124,engine
1780468897.292826,Q2,Z5,area:Z5:conf=0.58,True,0.813,cache
1780468897.2936761,Q1,Z3,count:Z3:conf=0.708,True,0.7898,cache
1780468897.294545,Q2,Z5,area:Z5:conf=0.58,True,0.8186,cache
1780468897.2953928,Q2,Z5,area:Z5:conf=0.58,True,0.7944,cache
1780468897.2962646,Q2,Z5,area:Z5:conf=0.242,True,0.8215,cache
1780468897.2971306,Q2,Z5,area:Z5:conf=0.58,True,0.8119,cache
1780468897.2977402,Q4,Z3,compare:density:Z3:Z4:conf=0.564,True,0.5602,cache
1780468897.298586,Q3,Z1,density:Z1:conf=0.773,True,0.7914,cache
1780468897.299398,Q1,Z4,count:Z4:conf=0.757,True,0.7768,cache
1780468897.300253,Q2,Z5,area:Z5:conf=0.242,True,0.8026,cache
1780468897.3011618,Q4,Z3,compare:density:Z3:Z4:conf=0.564,True,0.8568,cache
1780468897.3020558,Q2,Z5,area:Z5:conf=0.242,True,0.827,cache
1780468897.302888,Q2,Z5,area:Z5:conf=0.58,True,0.797,cache
1780468897.30373,Q2,Z5,area:Z5:conf=0.58,True,0.7908,cache
1780468897.30461,Q3,Z1,density:Z1:conf=0.773,True,0.8289,cache
1780468897.309411,Q3,Z1,density:Z1:conf=0.821,False,4.7491,engine
1780468897.3102973,Q2,Z5,area:Z5:conf=0.58,True,0.825,cache
1780468897.3112512,Q3,Z2,density:Z2:conf=0.354,True,0.9001,cache
1780468897.3121316,Q1,Z4,count:Z4:conf=0.757,True,0.8116,cache
1780468897.3129637,Q3,Z5,density:Z5:conf=0.032,True,0.7806,cache
1780468897.3138266,Q3,Z2,density:Z2:conf=0.354,True,0.8108,cache
1780468897.3144321,Q4,Z3,compare:density:Z3:Z4:conf=0.564,True,0.5542,cache
1780468897.315294,Q1,Z3,count:Z3:conf=0.708,True,0.8086,cache
1780468897.3158982,Q4,Z1,compare:density:Z1:Z5:conf=0.386,True,0.5696,cache
1780468897.316757,Q2,Z5,area:Z5:conf=0.58,True,0.8064,cache
1780468897.3173459,Q4,Z3,compare:density:Z3:Z4:conf=0.097,True,0.5547,cache
1780468897.318195,Q2,Z5,area:Z5:conf=0.58,True,0.7971,cache
1780468897.3190715,Q1,Z1,count:Z1:conf=0.805,True,0.8422,cache
1780468897.3199098,Q2,Z5,area:Z5:conf=0.58,True,0.7874,cache
1780468897.3207893,Q2,Z5,area:Z5:conf=0.58,True,0.8276,cache
1780468897.321654,Q2,Z5,area:Z5:conf=0.58,True,0.8113,cache
1780468897.3225062,Q2,Z5,area:Z5:conf=0.242,True,0.7926,cache
1780468897.3233447,Q2,Z5,area:Z5:conf=0.58,True,0.787,cache
1780468897.324256,Q2,Z5,area:Z5:conf=0.58,True,0.8596,cache
1780468897.3250933,Q2,Z5,area:Z5:conf=0.242,True,0.7833,cache
1780468897.3259473,Q2,Z5,area:Z5:conf=0.242,True,0.8024,cache
1780468897.3267891,Q3,Z1,density:Z1:conf=0.242,True,0.7889,cache
1780468897.3276439,Q3,Z1,density:Z1:conf=0.757,True,0.8033,cache
1780468897.3284986,Q3,Z1,density:Z1:conf=0.773,True,0.8029,cache
1780468897.3293443,Q2,Z5,area:Z5:conf=0.58,True,0.7949,cache
1780468897.3301766,Q2,Z5,area:Z5:conf=0.58,True,0.7817,cache
1780468897.331064,Q2,Z3,area:Z3:conf=0.547,True,0.8357,cache
1780468897.3321474,Q2,Z5,area:Z5:conf=0.58,True,1.0297,cache
1780468897.333084,Q2,Z5,area:Z5:conf=0.242,True,0.8551,cache
1780468897.3336964,Q4,Z2,compare:density:Z2:Z5:conf=0.821,True,0.5553,cache
1780468897.338777,Q1,Z5,count:Z5:conf=0.837,False,5.0274,engine
1780468897.3398232,Q2,Z5,area:Z5:conf=0.242,True,0.9813,cache
1780468897.340715,Q3,Z1,density:Z1:conf=0.773,True,0.8287,cache
1780468897.3415956,Q2,Z5,area:Z5:conf=0.242,True,0.8265,cache
1780468897.342238,Q4,Z2,compare:density:Z2:Z3:conf=0.354,True,0.5607,cache
1780468897.3430774,Q2,Z5,area:Z5:conf=0.58,True,0.7872,cache
1780468897.3438866,Q2,Z5,area:Z5:conf=0.58,True,0.7759,cache
1780468897.3445563,Q4,Z3,compare:density:Z3:Z4:conf=0.564,True,0.6182,cache
1780468897.3454115,Q2,Z5,area:Z5:conf=0.58,True,0.8028,cache
1780468897.3463,Q3,Z1,density:Z1:conf=0.773,True,0.8543,cache
1780468897.3471258,Q2,Z5,area:Z5:conf=0.58,True,0.7748,cache
1780468897.3480835,Q3,Z1,density:Z1:conf=0.741,True,0.9074,cache
1780468897.3489604,Q3,Z1,density:Z1:conf=0.66,True,0.8225,cache
1780468897.3498023,Q2,Z5,area:Z5:conf=0.242,True,0.7912,cache
1780468897.350678,Q3,Z1,density:Z1:conf=0.242,True,0.8233,cache
1780468897.3515453,Q2,Z5,area:Z5:conf=0.58,True,0.815,cache
1780468897.3524141,Q2,Z5,area:Z5:conf=0.242,True,0.806,cache
1780468897.3532634,Q2,Z5,area:Z5:conf=0.58,True,0.7987,cache
1780468897.3541672,Q4,Z1,compare:density:Z1:Z5:conf=0.386,True,0.851,cache
1780468897.3550162,Q3,Z5,density:Z5:conf=0.032,True,0.7961,cache
1780468897.355839,Q3,Z1,density:Z1:conf=0.612,True,0.7877,cache
1780468897.35729,Q2,Z1,area:Z1:conf=0.435,True,0.9986,cache
1780468897.361617,Q4,Z3,compare:density:Z3:Z4:conf=0.419,False,4.2642,engine
1780468897.3626227,Q2,Z5,area:Z5:conf=0.58,True,0.8779,cache
1780468897.3629816,Q1,Z1,count:Z1:conf=0.934,True,0.3131,cache
1780468897.3638275,Q3,Z2,density:Z2:conf=0.354,True,0.7904,cache
1780468897.364695,Q2,Z5,area:Z5:conf=0.242,True,0.8499,cache
1780468897.3655355,Q3,Z2,density:Z2:conf=0.354,True,0.787,cache
1780468897.3664443,Q2,Z5,area:Z5:conf=0.58,True,0.8579,cache
1780468897.367298,Q2,Z5,area:Z5:conf=0.58,True,0.7987,cache
1780468897.3681362,Q2,Z5,area:Z5:conf=0.58,True,0.7895,cache
1780468897.368974,Q2,Z5,area:Z5:conf=0.58,True,0.7844,cache
1780468897.369812,Q2,Z5,area:Z5:conf=0.242,True,0.7888,cache
1780468897.37073,Q2,Z4,area:Z4:conf=0.081,True,0.8631,cache
1780468897.3713477,Q4,Z3,compare:density:Z3:Z4:conf=0.564,True,0.5665,cache
1780468897.3722954,Q2,Z5,area:Z5:conf=0.242,True,0.883,cache
1780468897.3731165,Q2,Z5,area:Z5:conf=0.242,True,0.7853,cache
1780468897.3739648,Q2,Z5,area:Z5:conf=0.242,True,0.7955,cache
1780468897.3748524,Q2,Z5,area:Z5:conf=0.58,True,0.7824,cache
1780468897.3756924,Q3,Z5,density:Z5:conf=0.032,True,0.7862,cache
1780468897.3765352,Q2,Z5,area:Z5:conf=0.58,True,0.7933,cache
1780468897.3773801,Q2,Z4,area:Z4:conf=0.708,True,0.7916,cache
1780468897.3781133,Q4,Z2,compare:density:Z2:Z3:conf=0.354,True,0.6824,cache
1780468897.3789945,Q3,Z2,density:Z2:conf=0.354,True,0.8201,cache
1780468897.3798242,Q2,Z3,area:Z3:conf=0.596,True,0.7954,cache
1780468897.3807034,Q2,Z5,area:Z5:conf=0.58,True,0.8256,cache
1780468897.381312,Q4,Z1,compare:density:Z1:Z3:conf=0.596,True,0.5558,cache
1780468897.3822017,Q2,Z4,area:Z4:conf=0.708,True,0.8257,cache
1780468897.383012,Q2,Z3,area:Z3:conf=0.853,True,0.7762,cache
1780468897.383862,Q3,Z1,density:Z1:conf=0.773,True,0.7962,cache
1780468897.3847547,Q2,Z2,area:Z2:conf=0.547,True,0.842,cache
1780468897.3896642,Q3,Z1,density:Z1:conf=0.628,False,4.855,engine
1780468897.390624,Q2,Z5,area:Z5:conf=0.242,True,0.9,cache
1780468897.3914826,Q3,Z4,density:Z4:conf=0.853,True,0.7995,cache
1780468897.3923132,Q1,Z4,count:Z4:conf=0.757,True,0.7793,cache
1780468897.3931603,Q2,Z5,area:Z5:conf=0.242,True,0.7932,cache
1780468897.3943195,Q2,Z3,area:Z3:conf=0.403,True,1.108,cache
1780468897.3952315,Q2,Z5,area:Z5:conf=0.242,True,0.8367,cache
1780468897.3960867,Q3,Z2,density:Z2:conf=0.354,True,0.802,cache
1780468897.3969822,Q2,Z5,area:Z5:conf=0.58,True,0.8419,cache
1780468897.397817,Q2,Z5,area:Z5:conf=0.58,True,0.7839,cache
1780468897.3986645,Q3,Z1,density:Z1:conf=0.451,True,0.7935,cache
1780468897.3995047,Q2,Z5,area:Z5:conf=0.242,True,0.7901,cache
1780468897.400361,Q2,Z5,area:Z5:conf=0.242,True,0.8038,cache
1780468897.401288,Q2,Z5,area:Z5:conf=0.58,True,0.8454,cache
1780468897.402158,Q2,Z5,area:Z5:conf=0.242,True,0.8029,cache
1780468897.403046,Q2,Z4,area:Z4:conf=0.419,True,0.8374,cache
1780468897.403659,Q4,Z2,compare:density:Z2:Z4:conf=0.451,True,0.5597,cache
1780468897.4045355,Q2,Z5,area:Z5:conf=0.58,True,0.8246,cache
1780468897.4053898,Q3,Z2,density:Z2:conf=0.354,True,0.8184,cache
1780468897.4062164,Q2,Z5,area:Z5:conf=0.242,True,0.7757,cache
1780468897.4068236,Q4,Z3,compare:density:Z3:Z4:conf=0.564,True,0.5535,cache
1780468897.407662,Q2,Z5,area:Z5:conf=0.242,True,0.7863,cache
1780468897.408509,Q2,Z5,area:Z5:conf=0.242,True,0.8126,cache
1780468897.4093678,Q2,Z5,area:Z5:conf=0.242,True,0.8042,cache
1780468897.4102275,Q3,Z2,density:Z2:conf=0.354,True,0.8084,cache
1780468897.4111037,Q2,Z5,area:Z5:conf=0.242,True,0.8233,cache
1780468897.4119563,Q2,Z5,area:Z5:conf=0.242,True,0.7883,cache
1780468897.4127965,Q3,Z1,density:Z1:conf=0.66,True,0.7892,cache
1780468897.4136431,Q1,Z4,count:Z4:conf=0.757,True,0.7947,cache
1780468897.4145217,Q2,Z5,area:Z5:conf=0.58,True,0.8257,cache
1780468897.415398,Q2,Z4,area:Z4:conf=0.419,True,0.8243,cache
1780468897.416275,Q3,Z1,density:Z1:conf=0.097,True,0.8241,cache
1780468897.4171097,Q2,Z5,area:Z5:conf=0.58,True,0.783,cache
1780468897.4179573,Q3,Z2,density:Z2:conf=0.354,True,0.7951,cache
1780468897.418797,Q2,Z5,area:Z5:conf=0.58,True,0.7884,cache
1780468897.4196367,Q1,Z4,count:Z4:conf=0.757,True,0.7879,cache
1780468897.4204724,Q2,Z5,area:Z5:conf=0.58,True,0.7834,cache
1780468897.421497,Q3,Z1,density:Z1:conf=0.773,True,0.9312,cache
1780468897.4225261,Q2,Z5,area:Z5:conf=0.58,True,0.975,cache
1780468897.4234266,Q2,Z5,area:Z5:conf=0.242,True,0.786,cache
1780468897.4243135,Q1,Z1,count:Z1:conf=0.258,True,0.8328,cache
1780468897.4252229,Q2,Z5,area:Z5:conf=0.58,True,0.8374,cache
1780468897.4260702,Q1,Z3,count:Z3:conf=0.757,True,0.7923,cache
1780468897.4300628,Q4,Z4,compare:density:Z4:Z5:conf=0.177,False,3.9395,engine
1780468897.4311614,Q1,Z3,count:Z3:conf=0.757,True,1.0254,cache
1780468897.4320233,Q2,Z5,area:Z5:conf=0.58,True,0.8134,cache
1780468897.4328837,Q3,Z1,density:Z1:conf=0.66,True,0.8062,cache
1780468897.4337254,Q2,Z5,area:Z5:conf=0.58,True,0.7904,cache
1780468897.4345717,Q2,Z5,area:Z5:conf=0.242,True,0.793,cache
1780468897.435421,Q3,Z5,density:Z5:conf=0.0,True,0.7977,cache
1780468897.4362657,Q1,Z3,count:Z3:conf=0.708,True,0.7909,cache
1780468897.43712,Q3,Z2,density:Z2:conf=0.354,True,0.8025,cache
1780468897.437969,Q2,Z5,area:Z5:conf=0.58,True,0.7975,cache
1780468897.4388201,Q3,Z4,density:Z4:conf=0.853,True,0.7999,cache
1780468897.4396954,Q1,Z3,count:Z3:conf=0.708,True,0.8216,cache
1780468897.4405475,Q2,Z5,area:Z5:conf=0.242,True,0.7991,cache
1780468897.4413948,Q3,Z1,density:Z1:conf=0.757,True,0.792,cache
1780468897.4422483,Q2,Z5,area:Z5:conf=0.58,True,0.7907,cache
1780468897.4430745,Q2,Z5,area:Z5:conf=0.58,True,0.7738,cache
1780468897.4436996,Q4,Z3,compare:density:Z3:Z4:conf=0.564,True,0.5731,cache
1780468897.447632,Q4,Z3,compare:density:Z3:Z5:conf=0.209,False,3.8781,engine
1780468897.4485343,Q2,Z5,area:Z5:conf=0.58,True,0.8614,cache
1780468897.449376,Q2,Z5,area:Z5:conf=0.58,True,0.8064,cache
1780468897.4502268,Q2,Z5,area:Z5:conf=0.58,True,0.7959,cache
1780468897.4508626,Q4,Z1,compare:density:Z1:Z5:conf=0.386,True,0.5832,cache
1780468897.4517117,Q2,Z5,area:Z5:conf=0.58,True,0.7949,cache
1780468897.4525428,Q2,Z5,area:Z5:conf=0.242,True,0.7906,cache
1780468897.4571924,Q2,Z5,area:Z5:conf=0.274,False,4.5967,engine
1780468897.4580967,Q2,Z5,area:Z5:conf=0.58,True,0.8088,cache
1780468897.4589589,Q3,Z2,density:Z2:conf=0.354,True,0.8024,cache
1780468897.4597888,Q2,Z5,area:Z5:conf=0.242,True,0.7776,cache
1780468897.4606333,Q2,Z4,area:Z4:conf=0.419,True,0.7904,cache
1780468897.4615166,Q2,Z5,area:Z5:conf=0.58,True,0.8308,cache
1780468897.4624138,Q2,Z5,area:Z5:conf=0.242,True,0.8136,cache
1780468897.463261,Q2,Z5,area:Z5:conf=0.58,True,0.7958,cache
1780468897.4641025,Q1,Z4,count:Z4:conf=0.757,True,0.7878,cache
1780468897.4649825,Q3,Z1,density:Z1:conf=0.708,True,0.8283,cache
1780468897.4658444,Q2,Z5,area:Z5:conf=0.58,True,0.8027,cache
1780468897.4666936,Q2,Z5,area:Z5:conf=0.242,True,0.7969,cache
1780468897.467531,Q3,Z1,density:Z1:conf=0.757,True,0.7842,cache
1780468897.468354,Q2,Z5,area:Z5:conf=0.58,True,0.772,cache
1780468897.469178,Q2,Z5,area:Z5:conf=0.58,True,0.7702,cache
1780468897.470021,Q3,Z2,density:Z2:conf=0.354,True,0.7906,cache
1780468897.4708843,Q2,Z5,area:Z5:conf=0.58,True,0.81,cache
1780468897.4717722,Q2,Z5,area:Z5:conf=0.58,True,0.8191,cache
1780468897.4726355,Q2,Z5,area:Z5:conf=0.242,True,0.801,cache
1780468897.4734654,Q2,Z5,area:Z5:conf=0.58,True,0.7782,cache
1780468897.474303,Q3,Z2,density:Z2:conf=0.354,True,0.7838,cache
1780468897.47513,Q1,Z3,count:Z3:conf=0.708,True,0.7759,cache
1780468897.4760368,Q3,Z2,density:Z2:conf=0.354,True,0.8522,cache
1780468897.476889,Q2,Z5,area:Z5:conf=0.58,True,0.799,cache
1780468897.47773,Q2,Z2,area:Z2:conf=0.547,True,0.7891,cache
1780468897.478575,Q2,Z5,area:Z5:conf=0.58,True,0.7921,cache
1780468897.4791877,Q4,Z2,compare:density:Z2:Z3:conf=0.354,True,0.5585,cache
1780468897.4800446,Q2,Z5,area:Z5:conf=0.58,True,0.8046,cache
1780468897.48088,Q3,Z1,density:Z1:conf=0.708,True,0.8005,cache
1780468897.4817257,Q2,Z5,area:Z5:conf=0.58,True,0.793,cache
1780468897.4825723,Q2,Z5,area:Z5:conf=0.58,True,0.7933,cache
1780468897.4834404,Q2,Z5,area:Z5:conf=0.242,True,0.8151,cache
1780468897.4842937,Q2,Z5,area:Z5:conf=0.58,True,0.8006,cache
1780468897.4851236,Q2,Z5,area:Z5:conf=0.58,True,0.7775,cache
1780468897.4862056,Q2,Z4,area:Z4:conf=0.708,True,1.0155,cache
1780468897.487094,Q1,Z1,count:Z1:conf=0.805,True,0.816,cache
1780468897.4879575,Q2,Z5,area:Z5:conf=0.58,True,0.8054,cache
1780468897.4885898,Q4,Z1,compare:density:Z1:Z3:conf=0.596,True,0.5785,cache
1780468897.489463,Q2,Z3,area:Z3:conf=0.853,True,0.8102,cache
1780468897.490787,Q3,Z5,density:Z5:conf=0.0,True,1.2789,cache
1780468897.495855,Q1,Z3,count:Z3:conf=0.708,True,4.7833,cache
1780468897.498212,Q3,Z1,density:Z1:conf=0.773,True,1.8265,cache
1780468897.5000844,Q2,Z5,area:Z5:conf=0.242,True,1.5631,cache
1780468897.5021186,Q3,Z1,density:Z1:conf=0.773,True,1.7891,cache
1780468897.5034735,Q2,Z1,area:Z1:conf=0.145,True,1.1276,cache
1780468897.5046315,Q2,Z5,area:Z5:conf=0.58,True,0.9966,cache
1780468897.5058405,Q2,Z5,area:Z5:conf=0.58,True,1.0769,cache
1780468897.506897,Q2,Z5,area:Z5:conf=0.58,True,0.9168,cache
1780468897.5118096,Q4,Z3,compare:density:Z3:Z4:conf=0.016,False,4.8202,engine
1780468897.5130763,Q2,Z5,area:Z5:conf=0.242,True,1.0278,cache
1780468897.5142832,Q3,Z1,density:Z1:conf=0.773,True,1.0846,cache
1780468897.5153518,Q3,Z1,density:Z1:conf=0.451,True,0.9498,cache
1780468897.5215063,Q2,Z2,area:Z2:conf=0.064,False,6.0499,engine
1780468897.5239155,Q2,Z5,area:Z5:conf=0.58,True,1.551,cache
1780468897.5252109,Q2,Z4,area:Z4:conf=0.419,True,1.0813,cache
1780468897.5262733,Q2,Z4,area:Z4:conf=0.081,True,0.9087,cache
1780468897.5272486,Q2,Z5,area:Z5:conf=0.58,True,0.8785,cache
1780468897.5279493,Q4,Z2,compare:density:Z2:Z3:conf=0.354,True,0.6148,cache
1780468897.5288665,Q2,Z5,area:Z5:conf=0.58,True,0.8571,cache
1780468897.5295181,Q4,Z3,compare:density:Z3:Z4:conf=0.564,True,0.6113,cache
1780468897.530448,Q2,Z5,area:Z5:conf=0.242,True,0.8724,cache
1780468897.5316894,Q2,Z5,area:Z5:conf=0.58,True,1.193,cache
1780468897.5329292,Q2,Z5,area:Z5:conf=0.58,True,1.0287,cache
1780468897.5344775,Q2,Z5,area:Z5:conf=0.58,True,1.4146,cache
1780468897.5356452,Q2,Z5,area:Z5:conf=0.58,True,1.0157,cache
1780468897.5366771,Q4,Z3,compare:density:Z3:Z4:conf=0.564,True,0.9237,cache
1780468897.5381584,Q2,Z5,area:Z5:conf=0.58,True,1.3562,cache
1780468897.539398,Q2,Z5,area:Z5:conf=0.58,True,1.124,cache
1780468897.540403,Q1,Z3,count:Z3:conf=0.708,True,0.8793,cache
1780468897.541392,Q3,Z1,density:Z1:conf=0.773,True,0.8849,cache
1780468897.5423157,Q3,Z2,density:Z2:conf=0.354,True,0.8621,cache
1780468897.547582,Q4,Z2,compare:density:Z2:Z5:conf=0.805,False,5.2024,engine
1780468897.5492938,Q2,Z5,area:Z5:conf=0.58,True,1.4172,cache
1780468897.551093,Q1,Z1,count:Z1:conf=0.805,True,1.5773,cache
1780468897.553269,Q2,Z5,area:Z5:conf=0.58,True,1.75,cache
1780468897.5556254,Q1,Z4,count:Z4:conf=0.757,True,1.858,cache
1780468897.562509,Q1,Z2,count:Z2:conf=0.499,False,6.4475,engine
1780468897.5636907,Q2,Z2,area:Z2:conf=0.547,True,0.9735,cache
1780468897.5647378,Q3,Z2,density:Z2:conf=0.354,True,0.9035,cache
1780468897.565442,Q4,Z3,compare:density:Z3:Z4:conf=0.564,True,0.6012,cache
1780468897.5664115,Q2,Z5,area:Z5:conf=0.58,True,0.8827,cache
1780468897.5672886,Q3,Z1,density:Z1:conf=0.773,True,0.828,cache
1780468897.5681694,Q3,Z1,density:Z1:conf=0.242,True,0.8175,cache
1780468897.5730846,Q2,Z4,area:Z4:conf=0.338,False,4.8497,engine
1780468897.5739653,Q2,Z5,area:Z5:conf=0.242,True,0.8183,cache
1780468897.5748367,Q2,Z5,area:Z5:conf=0.58,True,0.8161,cache
1780468897.575728,Q3,Z2,density:Z2:conf=0.354,True,0.8351,cache
1780468897.5766046,Q2,Z5,area:Z5:conf=0.58,True,0.8214,cache
1780468897.5774796,Q2,Z5,area:Z5:conf=0.58,True,0.821,cache
1780468897.578545,Q2,Z5,area:Z5:conf=0.58,True,1.009,cache
1780468897.579455,Q2,Z4,area:Z4:conf=0.708,True,0.8521,cache
1780468897.5803332,Q2,Z5,area:Z5:conf=0.58,True,0.824,cache
1780468897.5812511,Q2,Z5,area:Z5:conf=0.58,True,0.8647,cache
1780468897.5821483,Q2,Z5,area:Z5:conf=0.58,True,0.8274,cache
1780468897.5827801,Q4,Z1,compare:density:Z1:Z4:conf=0.644,True,0.5762,cache
1780468897.5836577,Q1,Z3,count:Z3:conf=0.708,True,0.8174,cache
1780468897.584484,Q2,Z5,area:Z5:conf=0.58,True,0.7909,cache
1780468897.5853374,Q2,Z5,area:Z5:conf=0.58,True,0.7984,cache
1780468897.586214,Q3,Z2,density:Z2:conf=0.354,True,0.8242,cache
1780468897.587073,Q2,Z5,area:Z5:conf=0.58,True,0.8049,cache
1780468897.5879176,Q3,Z2,density:Z2:conf=0.354,True,0.7919,cache
1780468897.5887744,Q2,Z5,area:Z5:conf=0.242,True,0.803,cache
1780468897.589097,Q1,Z2,count:Z2:conf=0.934,True,0.269,cache
1780468897.589953,Q2,Z5,area:Z5:conf=0.58,True,0.7992,cache
1780468897.5907626,Q3,Z1,density:Z1:conf=0.773,True,0.7939,cache
1780468897.5916312,Q2,Z5,area:Z5:conf=0.58,True,0.8119,cache
1780468897.5958567,Q4,Z1,compare:density:Z1:Z4:conf=0.386,False,4.1746,engine
1780468897.5996459,Q4,Z2,compare:density:Z2:Z4:conf=0.29,False,3.718,engine
1780468897.6005754,Q1,Z4,count:Z4:conf=0.757,True,0.8867,cache
1780468897.6014595,Q2,Z5,area:Z5:conf=0.242,True,0.8462,cache
1780468897.6023293,Q2,Z5,area:Z5:conf=0.58,True,0.8137,cache
1780468897.6031933,Q3,Z4,density:Z4:conf=0.853,True,0.8083,cache
1780468897.604036,Q1,Z4,count:Z4:conf=0.757,True,0.7899,cache
1780468897.6048958,Q2,Z5,area:Z5:conf=0.58,True,0.8053,cache
1780468897.6057608,Q2,Z5,area:Z5:conf=0.242,True,0.8128,cache
1780468897.6067216,Q2,Z5,area:Z5:conf=0.242,True,0.9074,cache
1780468897.607602,Q3,Z5,density:Z5:conf=0.032,True,0.8219,cache
1780468897.6091263,Q3,Z1,density:Z1:conf=0.773,True,1.4624,cache
1780468897.6099217,Q4,Z3,compare:density:Z3:Z4:conf=0.564,True,0.6309,cache
1780468897.6105752,Q4,Z3,compare:density:Z3:Z4:conf=0.564,True,0.5883,cache
1780468897.61161,Q2,Z5,area:Z5:conf=0.58,True,0.9933,cache
1780468897.6125324,Q2,Z5,area:Z5:conf=0.58,True,0.881,cache
1780468897.613396,Q2,Z5,area:Z5:conf=0.58,True,0.8085,cache
1780468897.6143026,Q3,Z1,density:Z1:conf=0.708,True,0.8406,cache
1780468897.6153903,Q2,Z5,area:Z5:conf=0.242,True,1.0288,cache
1780468897.6163323,Q2,Z5,area:Z5:conf=0.242,True,0.8651,cache
1780468897.617292,Q2,Z5,area:Z5:conf=0.58,True,0.8541,cache
1780468897.6182911,Q2,Z5,area:Z5:conf=0.58,True,0.9209,cache
1780468897.6193037,Q3,Z2,density:Z2:conf=0.354,True,0.9151,cache
1780468897.6202867,Q2,Z5,area:Z5:conf=0.58,True,0.8889,cache
1780468897.621238,Q2,Z5,area:Z5:conf=0.58,True,0.8581,cache
1780468897.6221776,Q3,Z1,density:Z1:conf=0.242,True,0.8451,cache
1780468897.6231196,Q2,Z5,area:Z5:conf=0.58,True,0.8577,cache
1780468897.6240454,Q2,Z5,area:Z5:conf=0.58,True,0.8471,cache
1780468897.6249385,Q2,Z5,area:Z5:conf=0.242,True,0.8172,cache
1780468897.6258698,Q3,Z1,density:Z1:conf=0.66,True,0.8646,cache
1780468897.6269622,Q2,Z5,area:Z5:conf=0.58,True,1.0224,cache
1780468897.6276987,Q4,Z2,compare:density:Z2:Z3:conf=0.354,True,0.6588,cache
1780468897.632701,Q2,Z1,area:Z1:conf=0.0,False,4.9382,engine
1780468897.6337574,Q3,Z1,density:Z1:conf=0.773,True,0.9567,cache
1780468897.6346996,Q2,Z5,area:Z5:conf=0.242,True,0.8331,cache
1780468897.635578,Q1,Z4,count:Z4:conf=0.757,True,0.8145,cache
1780468897.6364324,Q2,Z5,area:Z5:conf=0.242,True,0.7991,cache
1780468897.6373105,Q2,Z5,area:Z5:conf=0.242,True,0.8259,cache
1780468897.6382651,Q2,Z5,area:Z5:conf=0.242,True,0.8977,cache
1780468897.6391785,Q2,Z5,area:Z5:conf=0.58,True,0.8541,cache
1780468897.6400597,Q2,Z5,area:Z5:conf=0.58,True,0.8246,cache
1780468897.640956,Q2,Z5,area:Z5:conf=0.242,True,0.8401,cache
1780468897.6418493,Q2,Z5,area:Z5:conf=0.58,True,0.823,cache
1780468897.6427133,Q2,Z5,area:Z5:conf=0.242,True,0.801,cache
1780468897.6435885,Q3,Z2,density:Z2:conf=0.354,True,0.8194,cache
1780468897.6442134,Q4,Z2,compare:density:Z2:Z5:conf=0.757,True,0.5722,cache
1780468897.645091,Q2,Z5,area:Z5:conf=0.58,True,0.8227,cache
1780468897.6456904,Q4,Z3,compare:density:Z3:Z4:conf=0.564,True,0.5635,cache
1780468897.6465545,Q2,Z5,area:Z5:conf=0.242,True,0.8089,cache
1780468897.6473982,Q2,Z5,area:Z5:conf=0.58,True,0.8088,cache
1780468897.6482944,Q2,Z5,area:Z5:conf=0.58,True,0.8392,cache
1780468897.6491978,Q2,Z5,area:Z5:conf=0.58,True,0.8447,cache
1780468897.650122,Q2,Z5,area:Z5:conf=0.58,True,0.8604,cache
1780468897.65101,Q2,Z5,area:Z5:conf=0.58,True,0.8261,cache
1780468897.651972,Q2,Z5,area:Z5:conf=0.242,True,0.8752,cache
1780468897.6529639,Q3,Z2,density:Z2:conf=0.354,True,0.9176,cache
1780468897.6539114,Q2,Z5,area:Z5:conf=0.58,True,0.8826,cache
1780468897.654899,Q2,Z5,area:Z5:conf=0.58,True,0.9216,cache
1780468897.655864,Q2,Z5,area:Z5:conf=0.58,True,0.8951,cache
1780468897.6570058,Q3,Z2,density:Z2:conf=0.354,True,1.0827,cache
1780468897.657874,Q2,Z5,area:Z5:conf=0.58,True,0.8133,cache
1780468897.6587265,Q3,Z2,density:Z2:conf=0.354,True,0.7991,cache
1780468897.6596007,Q2,Z5,area:Z5:conf=0.58,True,0.8191,cache
1780468897.6604722,Q2,Z5,area:Z5:conf=0.58,True,0.8185,cache
1780468897.6653893,Q1,Z1,count:Z1:conf=0.274,False,4.8612,engine
1780468897.6662946,Q2,Z5,area:Z5:conf=0.58,True,0.8231,cache
1780468897.6671922,Q2,Z5,area:Z5:conf=0.58,True,0.8399,cache
1780468897.668053,Q2,Z5,area:Z5:conf=0.58,True,0.8076,cache
1780468897.6727545,Q3,Z3,density:Z3:conf=0.564,False,4.6448,engine
1780468897.6734765,Q4,Z3,compare:density:Z3:Z4:conf=0.564,True,0.5924,cache
1780468897.6741042,Q4,Z3,compare:density:Z3:Z4:conf=0.564,True,0.5695,cache
1780468897.6791005,Q3,Z4,density:Z4:conf=0.773,False,4.9582,engine
1780468897.6799693,Q2,Z5,area:Z5:conf=0.58,True,0.8232,cache
1780468897.688637,Q5,Z3,confidence_dist:Z3:bins=10,False,8.6099,engine
1780468897.6896992,Q2,Z5,area:Z5:conf=0.58,True,0.8787,cache
1780468897.6904535,Q4,Z3,compare:density:Z3:Z4:conf=0.564,True,0.7235,cache
1780468897.6913724,Q2,Z5,area:Z5:conf=0.242,True,0.85,cache
1780468897.692261,Q2,Z5,area:Z5:conf=0.58,True,0.8497,cache
1780468897.6928797,Q4,Z2,compare:density:Z2:Z5:conf=0.757,True,0.5615,cache
1780468897.6937401,Q2,Z5,area:Z5:conf=0.58,True,0.8072,cache
1780468897.6984901,Q1,Z3,count:Z3:conf=0.869,False,4.7106,engine
1780468897.6993942,Q2,Z5,area:Z5:conf=0.58,True,0.8364,cache
1780468897.700056,Q4,Z3,compare:density:Z3:Z4:conf=0.564,True,0.606,cache
1780468897.7047184,Q1,Z5,count:Z5:conf=0.596,False,4.6039,engine
1780468897.705649,Q2,Z5,area:Z5:conf=0.58,True,0.8695,cache
1780468897.7059808,Q1,Z2,count:Z2:conf=0.934,True,0.2784,cache
1780468897.7068515,Q3,Z2,density:Z2:conf=0.354,True,0.815,cache
1780468897.7076771,Q1,Z3,count:Z3:conf=0.708,True,0.8098,cache
1780468897.7085483,Q2,Z5,area:Z5:conf=0.58,True,0.8182,cache
1780468897.7094128,Q3,Z2,density:Z2:conf=0.354,True,0.812,cache
1780468897.710288,Q3,Z1,density:Z1:conf=0.773,True,0.8188,cache
1780468897.7111487,Q2,Z5,area:Z5:conf=0.242,True,0.8077,cache
1780468897.7120423,Q2,Z5,area:Z5:conf=0.58,True,0.8133,cache
1780468897.7129035,Q2,Z5,area:Z5:conf=0.58,True,0.8086,cache
1780468897.7137616,Q3,Z1,density:Z1:conf=0.097,True,0.8048,cache
1780468897.714652,Q2,Z5,area:Z5:conf=0.58,True,0.8377,cache
1780468897.7156112,Q1,Z3,count:Z3:conf=0.708,True,0.9052,cache
1780468897.7202356,Q4,Z2,compare:density:Z2:Z3:conf=0.113,False,4.151,engine
1780468897.721334,Q2,Z5,area:Z5:conf=0.58,True,0.985,cache
1780468897.7222235,Q2,Z5,area:Z5:conf=0.58,True,0.8517,cache
1780468897.723081,Q3,Z1,density:Z1:conf=0.773,True,0.8028,cache
1780468897.7239468,Q2,Z5,area:Z5:conf=0.58,True,0.7968,cache
1780468897.7248793,Q3,Z2,density:Z2:conf=0.354,True,0.879,cache
1780468897.7258034,Q3,Z1,density:Z1:conf=0.773,True,0.8518,cache
1780468897.7266636,Q3,Z2,density:Z2:conf=0.354,True,0.8078,cache
1780468897.7275302,Q2,Z5,area:Z5:conf=0.58,True,0.8121,cache
1780468897.7284105,Q1,Z3,count:Z3:conf=0.708,True,0.8265,cache
1780468897.7293067,Q3,Z2,density:Z2:conf=0.354,True,0.8434,cache
1780468897.7302015,Q2,Z5,area:Z5:conf=0.58,True,0.8422,cache
1780468897.7311506,Q3,Z2,density:Z2:conf=0.354,True,0.8861,cache
1780468897.7318335,Q4,Z1,compare:density:Z1:Z3:conf=0.596,True,0.5964,cache
1780468897.7327085,Q3,Z1,density:Z1:conf=0.773,True,0.8186,cache
1780468897.7335494,Q2,Z5,area:Z5:conf=0.242,True,0.8042,cache
1780468897.7344096,Q2,Z5,area:Z5:conf=0.58,True,0.8064,cache
1780468897.7353,Q2,Z5,area:Z5:conf=0.58,True,0.838,cache
1780468897.736147,Q2,Z5,area:Z5:conf=0.58,True,0.793,cache
1780468897.7369995,Q2,Z5,area:Z5:conf=0.58,True,0.7823,cache
1780468897.7378824,Q1,Z1,count:Z1:conf=0.467,True,0.8286,cache
1780468897.738729,Q2,Z5,area:Z5:conf=0.58,True,0.794,cache
1780468897.7396114,Q3,Z4,density:Z4:conf=0.853,True,0.8278,cache
1780468897.740456,Q2,Z5,area:Z5:conf=0.58,True,0.7916,cache
1780468897.7413664,Q2,Z5,area:Z5:conf=0.58,True,0.8564,cache
1780468897.7423074,Q2,Z5,area:Z5:conf=0.242,True,0.8822,cache
1780468897.7431586,Q2,Z5,area:Z5:conf=0.58,True,0.7972,cache
1780468897.744023,Q2,Z3,area:Z3:conf=0.853,True,0.8118,cache
1780468897.7482567,Q4,Z1,compare:density:Z1:Z3:conf=0.531,False,4.1786,engine
1780468897.749231,Q1,Z3,count:Z3:conf=0.757,True,0.8968,cache
1780468897.7500873,Q2,Z5,area:Z5:conf=0.58,True,0.8187,cache
1780468897.7509556,Q3,Z1,density:Z1:conf=0.242,True,0.8138,cache
1780468897.7518175,Q2,Z5,area:Z5:conf=0.58,True,0.809,cache
1780468897.752667,Q2,Z3,area:Z3:conf=0.547,True,0.7953,cache
1780468897.753537,Q2,Z5,area:Z5:conf=0.242,True,0.8172,cache
1780468897.7544184,Q2,Z5,area:Z5:conf=0.58,True,0.8284,cache
1780468897.7553165,Q2,Z5,area:Z5:conf=0.58,True,0.8448,cache
1780468897.7564013,Q2,Z5,area:Z5:conf=0.58,True,0.9475,cache
1780468897.75754,Q2,Z5,area:Z5:conf=0.58,True,1.0833,cache
1780468897.7584128,Q2,Z3,area:Z3:conf=0.547,True,0.8158,cache
1780468897.7593186,Q2,Z3,area:Z3:conf=0.853,True,0.8534,cache
1780468897.759944,Q4,Z3,compare:density:Z3:Z4:conf=0.354,True,0.5698,cache
1780468897.7610562,Q2,Z5,area:Z5:conf=0.58,True,1.0553,cache
1780468897.7620835,Q3,Z2,density:Z2:conf=0.354,True,0.9625,cache
1780468897.7629945,Q2,Z5,area:Z5:conf=0.58,True,0.8475,cache
1780468897.7638505,Q3,Z2,density:Z2:conf=0.354,True,0.8006,cache
1780468897.7647564,Q2,Z5,area:Z5:conf=0.58,True,0.8518,cache
1780468897.7656026,Q2,Z5,area:Z5:conf=0.58,True,0.7927,cache
1780468897.7664573,Q3,Z2,density:Z2:conf=0.354,True,0.8013,cache
1780468897.7673354,Q2,Z5,area:Z5:conf=0.58,True,0.8242,cache
1780468897.7681978,Q2,Z5,area:Z5:conf=0.242,True,0.8089,cache
1780468897.7688181,Q4,Z3,compare:density:Z3:Z4:conf=0.564,True,0.5639,cache
1780468897.7696674,Q2,Z5,area:Z5:conf=0.58,True,0.7942,cache
1780468897.7705123,Q3,Z4,density:Z4:conf=0.29,True,0.8085,cache
1780468897.7714314,Q2,Z5,area:Z5:conf=0.242,True,0.8659,cache
1780468897.7723293,Q3,Z1,density:Z1:conf=0.66,True,0.8359,cache
1780468897.77318,Q3,Z1,density:Z1:conf=0.773,True,0.796,cache
1780468897.7740362,Q1,Z3,count:Z3:conf=0.708,True,0.8027,cache
1780468897.7749095,Q2,Z4,area:Z4:conf=0.708,True,0.8188,cache
1780468897.7758343,Q1,Z3,count:Z3:conf=0.757,True,0.8704,cache
1780468897.7764883,Q4,Z3,compare:density:Z3:Z4:conf=0.564,True,0.5931,cache
1780468897.7773566,Q2,Z5,area:Z5:conf=0.58,True,0.8123,cache
1780468897.778214,Q2,Z5,area:Z5:conf=0.58,True,0.8184,cache
1780468897.7788343,Q4,Z3,compare:density:Z3:Z4:conf=0.564,True,0.5658,cache
1780468897.7797556,Q2,Z5,area:Z5:conf=0.58,True,0.862,cache
1780468897.7806258,Q2,Z5,area:Z5:conf=0.58,True,0.8352,cache
1780468897.781562,Q2,Z5,area:Z5:conf=0.58,True,0.8815,cache
1780468897.782453,Q3,Z2,density:Z2:conf=0.354,True,0.8373,cache
1780468897.7833092,Q2,Z5,area:Z5:conf=0.58,True,0.8032,cache
1780468897.7839272,Q4,Z3,compare:density:Z3:Z4:conf=0.564,True,0.5653,cache
1780468897.7848468,Q2,Z3,area:Z3:conf=0.853,True,0.8606,cache
1780468897.7856972,Q3,Z5,density:Z5:conf=0.032,True,0.814,cache
1780468897.7866015,Q2,Z5,area:Z5:conf=0.58,True,0.8444,cache
1780468897.787499,Q3,Z2,density:Z2:conf=0.354,True,0.8445,cache
1780468897.7883527,Q3,Z2,density:Z2:conf=0.354,True,0.7984,cache
1780468897.7892156,Q2,Z5,area:Z5:conf=0.242,True,0.8101,cache
1780468897.7900782,Q3,Z1,density:Z1:conf=0.773,True,0.8072,cache
1780468897.7910469,Q2,Z5,area:Z5:conf=0.58,True,0.9154,cache
1780468897.79613,Q2,Z2,area:Z2:conf=0.596,False,5.0073,engine
1780468897.797085,Q2,Z5,area:Z5:conf=0.58,True,0.8765,cache
1780468897.7979689,Q1,Z5,count:Z5:conf=0.0,True,0.8249,cache
1780468897.7988281,Q3,Z2,density:Z2:conf=0.354,True,0.8061,cache
1780468897.7996986,Q2,Z5,area:Z5:conf=0.58,True,0.8159,cache
1780468897.800557,Q1,Z4,count:Z4:conf=0.757,True,0.8053,cache
1780468897.8014822,Q2,Z5,area:Z5:conf=0.58,True,0.8646,cache
1780468897.802398,Q3,Z1,density:Z1:conf=0.242,True,0.8539,cache
1780468897.8032641,Q3,Z2,density:Z2:conf=0.354,True,0.8115,cache
1780468897.8041143,Q2,Z5,area:Z5:conf=0.58,True,0.7964,cache
1780468897.8049731,Q2,Z5,area:Z5:conf=0.58,True,0.8044,cache
1780468897.8059053,Q1,Z4,count:Z4:conf=0.757,True,0.8776,cache
1780468897.8068423,Q2,Z5,area:Z5:conf=0.58,True,0.8786,cache
1780468897.8074744,Q4,Z1,compare:density:Z1:Z5:conf=0.869,True,0.5765,cache
1780468897.8080943,Q4,Z2,compare:density:Z2:Z3:conf=0.354,True,0.5632,cache
1780468897.8089416,Q1,Z3,count:Z3:conf=0.708,True,0.8093,cache
1780468897.8097916,Q2,Z5,area:Z5:conf=0.58,True,0.8138,cache
1780468897.8106523,Q1,Z3,count:Z3:conf=0.708,True,0.8078,cache
1780468897.8158023,Q2,Z4,area:Z4:conf=0.805,False,5.0949,engine
1780468897.8166945,Q2,Z5,area:Z5:conf=0.58,True,0.8178,cache
1780468897.8175836,Q2,Z5,area:Z5:conf=0.58,True,0.8339,cache
1780468897.8184345,Q2,Z5,area:Z5:conf=0.58,True,0.797,cache
1780468897.8193083,Q2,Z5,area:Z5:conf=0.242,True,0.8188,cache
1780468897.8201764,Q1,Z4,count:Z4:conf=0.757,True,0.8111,cache
1780468897.8211272,Q2,Z5,area:Z5:conf=0.242,True,0.8957,cache
1780468897.8221335,Q3,Z2,density:Z2:conf=0.354,True,0.9111,cache
1780468897.8230257,Q2,Z5,area:Z5:conf=0.58,True,0.8298,cache
1780468897.8238876,Q2,Z5,area:Z5:conf=0.58,True,0.8081,cache
1780468897.8248327,Q2,Z5,area:Z5:conf=0.58,True,0.8912,cache
1780468897.8254552,Q4,Z1,compare:density:Z1:Z5:conf=0.386,True,0.5686,cache
1780468897.8263185,Q3,Z2,density:Z2:conf=0.354,True,0.8062,cache
1780468897.8271596,Q2,Z5,area:Z5:conf=0.58,True,0.8056,cache
1780468897.8280437,Q2,Z3,area:Z3:conf=0.853,True,0.8285,cache
1780468897.8288946,Q2,Z5,area:Z5:conf=0.58,True,0.7982,cache
1780468897.8297791,Q2,Z5,area:Z5:conf=0.58,True,0.8301,cache
1780468897.8306568,Q2,Z5,area:Z5:conf=0.58,True,0.8253,cache
1780468897.835649,Q1,Z3,count:Z3:conf=0.016,False,4.9357,engine
1780468897.8366623,Q1,Z3,count:Z3:conf=0.708,True,0.8802,cache
1780468897.837312,Q4,Z3,compare:density:Z3:Z4:conf=0.564,True,0.5892,cache
1780468897.838177,Q2,Z5,area:Z5:conf=0.58,True,0.8102,cache
1780468897.8390188,Q2,Z5,area:Z5:conf=0.58,True,0.8049,cache
1780468897.8396235,Q4,Z3,compare:density:Z3:Z4:conf=0.564,True,0.5512,cache
1780468897.8405125,Q2,Z5,area:Z5:conf=0.58,True,0.8234,cache
1780468897.8454618,Q4,Z2,compare:density:Z2:Z3:conf=0.773,False,4.9128,engine
1780468897.84617,Q4,Z2,compare:density:Z2:Z3:conf=0.354,True,0.5871,cache
1780468897.8470445,Q2,Z5,area:Z5:conf=0.242,True,0.8338,cache
1780468897.8479412,Q1,Z4,count:Z4:conf=0.757,True,0.8596,cache
1780468897.8531485,Q2,Z3,area:Z3:conf=0.032,False,5.151,engine
1780468897.8542209,Q2,Z5,area:Z5:conf=0.242,True,0.9267,cache
1780468897.854864,Q4,Z3,compare:density:Z3:Z4:conf=0.564,True,0.5801,cache
1780468897.859816,Q1,Z3,count:Z3:conf=0.837,False,4.8986,engine
1780468897.8606937,Q2,Z5,area:Z5:conf=0.58,True,0.8339,cache
1780468897.861629,Q3,Z1,density:Z1:conf=0.741,True,0.8806,cache
1780468897.8625083,Q2,Z5,area:Z5:conf=0.58,True,0.8123,cache
1780468897.863128,Q4,Z3,compare:density:Z3:Z4:conf=0.564,True,0.5664,cache
1780468897.8639853,Q3,Z1,density:Z1:conf=0.708,True,0.8027,cache
1780468897.864643,Q4,Z3,compare:density:Z3:Z4:conf=0.564,True,0.6219,cache
1780468897.8655126,Q2,Z5,area:Z5:conf=0.242,True,0.8149,cache
1780468897.8661737,Q4,Z3,compare:density:Z3:Z4:conf=0.564,True,0.6224,cache
1780468897.867088,Q2,Z5,area:Z5:conf=0.58,True,0.842,cache
1780468897.8679326,Q2,Z5,area:Z5:conf=0.58,True,0.8078,cache
1780468897.868812,Q2,Z5,area:Z5:conf=0.58,True,0.8254,cache
1780468897.8696752,Q3,Z2,density:Z2:conf=0.354,True,0.8091,cache
1780468897.8705244,Q2,Z5,area:Z5:conf=0.242,True,0.7956,cache
1780468897.871443,Q2,Z5,area:Z5:conf=0.58,True,0.8647,cache
1780468897.872064,Q4,Z1,compare:density:Z1:Z3:conf=0.596,True,0.5671,cache
1780468897.8729222,Q2,Z5,area:Z5:conf=0.58,True,0.8049,cache
1780468897.8737633,Q2,Z5,area:Z5:conf=0.242,True,0.8056,cache
1780468897.8746338,Q2,Z5,area:Z5:conf=0.242,True,0.8163,cache
1780468897.8754978,Q2,Z5,area:Z5:conf=0.58,True,0.8085,cache
1780468897.8763685,Q2,Z4,area:Z4:conf=0.708,True,0.8167,cache
1780468897.8772266,Q2,Z5,area:Z5:conf=0.242,True,0.8052,cache
1780468897.8786566,Q2,Z5,area:Z5:conf=0.58,True,0.9437,cache
1780468897.8830512,Q4,Z4,compare:density:Z4:Z5:conf=0.113,False,4.3365,engine
1780468897.8841116,Q3,Z1,density:Z1:conf=0.66,True,0.9048,cache
1780468897.885047,Q2,Z4,area:Z4:conf=0.708,True,0.8983,cache
1780468897.8859615,Q3,Z5,density:Z5:conf=0.0,True,0.8585,cache
1780468897.8868487,Q3,Z5,density:Z5:conf=0.403,True,0.8326,cache
1780468897.887753,Q2,Z5,area:Z5:conf=0.58,True,0.8477,cache
1780468897.8884149,Q4,Z3,compare:density:Z3:Z4:conf=0.564,True,0.6082,cache
1780468897.8890598,Q4,Z3,compare:density:Z3:Z4:conf=0.564,True,0.5905,cache
1780468897.8899333,Q2,Z5,area:Z5:conf=0.58,True,0.8361,cache
1780468897.8908246,Q2,Z5,area:Z5:conf=0.58,True,0.8544,cache
1780468897.8917277,Q2,Z5,area:Z5:conf=0.58,True,0.8469,cache
1780468897.892642,Q3,Z1,density:Z1:conf=0.773,True,0.8593,cache
1780468897.8935547,Q3,Z1,density:Z1:conf=0.708,True,0.8568,cache
1780468897.894319,Q4,Z2,compare:density:Z2:Z3:conf=0.354,True,0.7117,cache
1780468897.8952339,Q2,Z5,area:Z5:conf=0.58,True,0.8588,cache
1780468897.8961685,Q2,Z5,area:Z5:conf=0.58,True,0.899,cache
1780468897.8970978,Q2,Z5,area:Z5:conf=0.242,True,0.8734,cache
1780468897.898035,Q3,Z2,density:Z2:conf=0.354,True,0.8754,cache
1780468897.89893,Q2,Z1,area:Z1:conf=0.145,True,0.8391,cache
1780468897.899846,Q1,Z3,count:Z3:conf=0.757,True,0.8629,cache
1780468897.9007444,Q1,Z3,count:Z3:conf=0.322,True,0.8428,cache
1780468897.9013734,Q4,Z2,compare:density:Z2:Z3:conf=0.37,True,0.5755,cache
1780468897.9065776,Q2,Z1,area:Z1:conf=0.725,False,5.1485,engine
1780468897.9074528,Q2,Z5,area:Z5:conf=0.242,True,0.8266,cache
1780468897.9083102,Q2,Z5,area:Z5:conf=0.58,True,0.8016,cache
1780468897.9091659,Q2,Z5,area:Z5:conf=0.58,True,0.8017,cache
1780468897.9100413,Q2,Z5,area:Z5:conf=0.58,True,0.8199,cache
1780468897.9109669,Q2,Z5,area:Z5:conf=0.58,True,0.872,cache
1780468897.9118946,Q2,Z5,area:Z5:conf=0.58,True,0.8676,cache
1780468897.912554,Q4,Z2,compare:density:Z2:Z5:conf=0.596,True,0.601,cache
1780468897.913411,Q2,Z5,area:Z5:conf=0.58,True,0.8017,cache
1780468897.9184253,Q1,Z1,count:Z1:conf=0.773,False,4.9767,engine
1780468897.9190874,Q4,Z2,compare:density:Z2:Z3:conf=0.354,True,0.596,cache
1780468897.919711,Q4,Z3,compare:density:Z3:Z4:conf=0.564,True,0.5692,cache
1780468897.9205518,Q3,Z1,density:Z1:conf=0.773,True,0.8013,cache
1780468897.9214618,Q2,Z5,area:Z5:conf=0.58,True,0.8586,cache
1780468897.9221087,Q4,Z3,compare:density:Z3:Z4:conf=0.564,True,0.5804,cache
1780468897.9229631,Q2,Z5,area:Z5:conf=0.58,True,0.8021,cache
1780468897.927852,Q2,Z5,area:Z5:conf=0.403,False,4.8511,engine
1780468897.9287293,Q2,Z5,area:Z5:conf=0.58,True,0.8094,cache
1780468897.9295824,Q2,Z5,area:Z5:conf=0.58,True,0.7965,cache
1780468897.9304311,Q1,Z3,count:Z3:conf=0.708,True,0.7942,cache
1780468897.9313223,Q3,Z1,density:Z1:conf=0.773,True,0.8354,cache
1780468897.932182,Q2,Z5,area:Z5:conf=0.242,True,0.8055,cache
1780468897.9328074,Q4,Z3,compare:density:Z3:Z4:conf=0.564,True,0.5719,cache
1780468897.9336653,Q2,Z5,area:Z5:conf=0.58,True,0.8036,cache
1780468897.934513,Q3,Z1,density:Z1:conf=0.773,True,0.8109,cache
1780468897.9353862,Q2,Z5,area:Z5:conf=0.58,True,0.8184,cache
1780468897.936249,Q2,Z5,area:Z5:conf=0.58,True,0.8095,cache
1780468897.9370954,Q2,Z5,area:Z5:conf=0.58,True,0.7922,cache
1780468897.9379425,Q2,Z5,area:Z5:conf=0.58,True,0.7952,cache
1780468897.9388165,Q2,Z5,area:Z5:conf=0.58,True,0.82,cache
1780468897.9396687,Q2,Z5,area:Z5:conf=0.242,True,0.7997,cache
1780468897.9405196,Q2,Z5,area:Z5:conf=0.58,True,0.7972,cache
1780468897.9415288,Q2,Z5,area:Z5:conf=0.58,True,0.9547,cache
1780468897.9424348,Q3,Z2,density:Z2:conf=0.354,True,0.822,cache
1780468897.9433165,Q2,Z5,area:Z5:conf=0.58,True,0.8293,cache
1780468897.9442706,Q1,Z3,count:Z3:conf=0.708,True,0.8992,cache
1780468897.944903,Q4,Z1,compare:density:Z1:Z3:conf=0.708,True,0.578,cache
1780468897.9457607,Q2,Z5,area:Z5:conf=0.242,True,0.8028,cache
1780468897.9461112,Q2,Z4,area:Z4:conf=0.934,True,0.3143,cache
1780468897.9469728,Q2,Z5,area:Z5:conf=0.58,True,0.8053,cache
1780468897.9478283,Q2,Z5,area:Z5:conf=0.58,True,0.8371,cache
1780468897.9486785,Q2,Z4,area:Z4:conf=0.708,True,0.7961,cache
1780468897.9493043,Q4,Z2,compare:density:Z2:Z3:conf=0.354,True,0.5683,cache
1780468897.9501722,Q3,Z1,density:Z1:conf=0.451,True,0.812,cache
1780468897.9510026,Q2,Z5,area:Z5:conf=0.58,True,0.7929,cache
1780468897.9519105,Q3,Z1,density:Z1:conf=0.242,True,0.844,cache
1780468897.9527583,Q2,Z5,area:Z5:conf=0.58,True,0.793,cache
1780468897.9536169,Q2,Z5,area:Z5:conf=0.58,True,0.8043,cache
1780468897.9544647,Q2,Z5,area:Z5:conf=0.58,True,0.7952,cache
1780468897.959434,Q1,Z3,count:Z3:conf=0.209,False,4.9139,engine
1780468897.960306,Q2,Z5,area:Z5:conf=0.58,True,0.8047,cache
1780468897.9611678,Q3,Z5,density:Z5:conf=0.032,True,0.8035,cache
1780468897.9617958,Q4,Z3,compare:density:Z3:Z4:conf=0.564,True,0.5739,cache
1780468897.9626698,Q1,Z4,count:Z4:conf=0.757,True,0.8185,cache
1780468897.9635158,Q1,Z3,count:Z3:conf=0.708,True,0.8089,cache
1780468897.9643815,Q2,Z3,area:Z3:conf=0.242,True,0.8103,cache
1780468897.9652262,Q2,Z5,area:Z5:conf=0.58,True,0.7894,cache
1780468897.966087,Q2,Z5,area:Z5:conf=0.58,True,0.8062,cache
1780468897.9669442,Q3,Z2,density:Z2:conf=0.354,True,0.803,cache
1780468897.9678059,Q2,Z5,area:Z5:conf=0.58,True,0.8073,cache
1780468897.9686582,Q2,Z5,area:Z5:conf=0.58,True,0.7996,cache
1780468897.9695182,Q2,Z5,area:Z5:conf=0.58,True,0.8054,cache
1780468897.9703693,Q2,Z5,area:Z5:conf=0.58,True,0.7986,cache
1780468897.9713662,Q2,Z5,area:Z5:conf=0.58,True,0.9414,cache
1780468897.9723024,Q2,Z5,area:Z5:conf=0.58,True,0.8752,cache
1780468897.9731693,Q1,Z3,count:Z3:conf=0.322,True,0.8116,cache
1780468897.9740684,Q2,Z5,area:Z5:conf=0.58,True,0.8467,cache
1780468897.9789746,Q2,Z1,area:Z1:conf=0.29,False,4.8498,engine
1780468897.9796197,Q5,Z4,confidence_dist:Z4:bins=15,True,0.5824,cache
1780468897.980484,Q2,Z5,area:Z5:conf=0.58,True,0.809,cache
1780468897.9813945,Q2,Z4,area:Z4:conf=0.708,True,0.8706,cache
1780468897.9823222,Q3,Z2,density:Z2:conf=0.354,True,0.838,cache
1780468897.983194,Q1,Z3,count:Z3:conf=0.708,True,0.7988,cache
1780468897.9840562,Q2,Z5,area:Z5:conf=0.58,True,0.8022,cache
1780468897.9849286,Q2,Z5,area:Z5:conf=0.58,True,0.819,cache
1780468897.9858453,Q2,Z5,area:Z5:conf=0.58,True,0.8097,cache
1780468897.9864838,Q4,Z3,compare:density:Z3:Z4:conf=0.564,True,0.5795,cache
1780468897.9916496,Q2,Z4,area:Z4:conf=0.725,False,5.1091,engine
1780468897.9925106,Q3,Z1,density:Z1:conf=0.773,True,0.8101,cache
1780468897.9933906,Q1,Z3,count:Z3:conf=0.708,True,0.8254,cache
1780468897.9971745,Q4,Z2,compare:density:Z2:Z3:conf=0.129,False,3.7303,engine
1780468897.998066,Q3,Z1,density:Z1:conf=0.773,True,0.8277,cache
1780468897.9989207,Q2,Z5,area:Z5:conf=0.58,True,0.7995,cache
1780468897.9997776,Q1,Z4,count:Z4:conf=0.37,True,0.7988,cache
1780468898.0006826,Q2,Z5,area:Z5:conf=0.58,True,0.8507,cache
1780468898.0016623,Q2,Z5,area:Z5:conf=0.58,True,0.9069,cache
1780468898.0025606,Q2,Z5,area:Z5:conf=0.242,True,0.8233,cache
1780468898.0034325,Q3,Z1,density:Z1:conf=0.419,True,0.8112,cache
1780468898.0042803,Q2,Z5,area:Z5:conf=0.58,True,0.7947,cache
1780468898.0053732,Q2,Z5,area:Z5:conf=0.242,True,1.0363,cache
1780468898.006273,Q2,Z5,area:Z5:conf=0.58,True,0.838,cache
1780468898.0071318,Q2,Z5,area:Z5:conf=0.58,True,0.8033,cache
1780468898.0079813,Q2,Z5,area:Z5:conf=0.58,True,0.7959,cache
1780468898.008842,Q2,Z4,area:Z4:conf=0.708,True,0.8053,cache
1780468898.0096848,Q2,Z3,area:Z3:conf=0.596,True,0.7902,cache
1780468898.0105243,Q2,Z5,area:Z5:conf=0.58,True,0.7843,cache
1780468898.0113544,Q2,Z5,area:Z5:conf=0.58,True,0.7782,cache
1780468898.0122204,Q2,Z5,area:Z5:conf=0.58,True,0.8048,cache
1780468898.0130682,Q2,Z5,area:Z5:conf=0.58,True,0.7958,cache
1780468898.013939,Q3,Z2,density:Z2:conf=0.354,True,0.8137,cache
1780468898.0147948,Q1,Z3,count:Z3:conf=0.708,True,0.803,cache
1780468898.015436,Q4,Z3,compare:density:Z3:Z4:conf=0.564,True,0.5855,cache
1780468898.016312,Q2,Z5,area:Z5:conf=0.58,True,0.8191,cache
1780468898.0171418,Q3,Z2,density:Z2:conf=0.354,True,0.7954,cache
1780468898.0179834,Q2,Z5,area:Z5:conf=0.58,True,0.7878,cache
1780468898.0188267,Q2,Z5,area:Z5:conf=0.58,True,0.7918,cache
1780468898.0191886,Q1,Z1,count:Z1:conf=0.934,True,0.3081,cache
1780468898.0198042,Q4,Z2,compare:density:Z2:Z3:conf=0.354,True,0.5605,cache
1780468898.0201914,Q1,Z2,count:Z2:conf=0.934,True,0.3692,cache
1780468898.0252252,Q2,Z4,area:Z4:conf=0.322,False,4.9957,engine
1780468898.02584,Q4,Z3,compare:density:Z3:Z4:conf=0.564,True,0.5966,cache
1780468898.0267177,Q3,Z1,density:Z1:conf=0.129,True,0.8214,cache
1780468898.0275512,Q2,Z5,area:Z5:conf=0.242,True,0.7944,cache
1780468898.0283868,Q2,Z5,area:Z5:conf=0.58,True,0.7811,cache
1780468898.0292487,Q2,Z5,area:Z5:conf=0.58,True,0.8119,cache
1780468898.0300865,Q2,Z5,area:Z5:conf=0.58,True,0.7826,cache
1780468898.0309534,Q2,Z5,area:Z5:conf=0.58,True,0.8167,cache
1780468898.0318327,Q2,Z5,area:Z5:conf=0.58,True,0.8201,cache
1780468898.0326753,Q1,Z3,count:Z3:conf=0.708,True,0.7911,cache
1780468898.0335214,Q2,Z3,area:Z3:conf=0.853,True,0.7909,cache
1780468898.034381,Q3,Z2,density:Z2:conf=0.354,True,0.8089,cache
1780468898.0352466,Q2,Z5,area:Z5:conf=0.58,True,0.8122,cache
1780468898.036361,Q1,Z4,count:Z4:conf=0.757,True,1.0515,cache
1780468898.0372415,Q2,Z5,area:Z5:conf=0.58,True,0.822,cache
1780468898.0380914,Q2,Z5,area:Z5:conf=0.58,True,0.7996,cache
1780468898.038951,Q2,Z5,area:Z5:conf=0.58,True,0.8051,cache
1780468898.0398736,Q2,Z5,area:Z5:conf=0.58,True,0.8714,cache
1780468898.041265,Q2,Z5,area:Z5:conf=0.58,True,0.888,cache
1780468898.04222,Q3,Z4,density:Z4:conf=0.853,True,0.8579,cache
1780468898.0428967,Q4,Z2,compare:density:Z2:Z3:conf=0.354,True,0.6179,cache
1780468898.0437934,Q1,Z3,count:Z3:conf=0.708,True,0.8456,cache
1780468898.0446699,Q2,Z5,area:Z5:conf=0.58,True,0.8402,cache
1780468898.0455828,Q3,Z4,density:Z4:conf=0.853,True,0.8609,cache
1780468898.046484,Q3,Z1,density:Z1:conf=0.773,True,0.8437,cache
1780468898.047337,Q2,Z5,area:Z5:conf=0.58,True,0.7982,cache
1780468898.0479608,Q4,Z3,compare:density:Z3:Z4:conf=0.564,True,0.569,cache
1780468898.0488033,Q2,Z5,area:Z5:conf=0.242,True,0.789,cache
1780468898.049616,Q2,Z5,area:Z5:conf=0.242,True,0.7764,cache
1780468898.050453,Q2,Z5,area:Z5:conf=0.58,True,0.7847,cache
1780468898.0516489,Q2,Z5,area:Z5:conf=0.242,True,1.1428,cache
1780468898.0525637,Q2,Z5,area:Z5:conf=0.58,True,0.8568,cache
1780468898.0535192,Q2,Z5,area:Z5:conf=0.58,True,0.8928,cache
1780468898.0544236,Q2,Z5,area:Z5:conf=0.58,True,0.8523,cache
1780468898.0587215,Q4,Z2,compare:density:Z2:Z3:conf=0.435,False,4.2436,engine
1780468898.059614,Q2,Z5,area:Z5:conf=0.58,True,0.8263,cache
1780468898.060446,Q2,Z5,area:Z5:conf=0.58,True,0.7949,cache
1780468898.0613256,Q2,Z5,area:Z5:conf=0.58,True,0.8251,cache
1780468898.0619836,Q4,Z2,compare:density:Z2:Z3:conf=0.837,True,0.5932,cache
1780468898.06285,Q3,Z2,density:Z2:conf=0.354,True,0.8121,cache
1780468898.0636954,Q2,Z1,area:Z1:conf=0.145,True,0.808,cache
1780468898.0645456,Q2,Z5,area:Z5:conf=0.58,True,0.7961,cache
1780468898.0653737,Q2,Z5,area:Z5:conf=0.58,True,0.7759,cache
1780468898.0662506,Q3,Z2,density:Z2:conf=0.354,True,0.8216,cache
1780468898.0671117,Q2,Z5,area:Z5:conf=0.58,True,0.8026,cache
1780468898.0679634,Q2,Z4,area:Z4:conf=0.419,True,0.7926,cache
1780468898.068567,Q4,Z2,compare:density:Z2:Z3:conf=0.048,True,0.55,cache
1780468898.0694356,Q2,Z5,area:Z5:conf=0.242,True,0.8141,cache
1780468898.0742152,Q3,Z4,density:Z4:conf=0.209,False,4.7438,engine
1780468898.075102,Q3,Z2,density:Z2:conf=0.354,True,0.8065,cache
1780468898.0759904,Q2,Z5,area:Z5:conf=0.58,True,0.8342,cache
1780468898.0768473,Q2,Z5,area:Z5:conf=0.242,True,0.8014,cache
1780468898.0777092,Q2,Z5,area:Z5:conf=0.58,True,0.8088,cache
1780468898.078572,Q2,Z4,area:Z4:conf=0.419,True,0.8098,cache
1780468898.0794077,Q2,Z5,area:Z5:conf=0.58,True,0.7829,cache
1780468898.0802743,Q2,Z5,area:Z5:conf=0.58,True,0.8137,cache
1780468898.0811193,Q3,Z2,density:Z2:conf=0.354,True,0.7908,cache
1780468898.0819883,Q2,Z5,area:Z5:conf=0.58,True,0.8162,cache
1780468898.0828445,Q2,Z5,area:Z5:conf=0.58,True,0.8003,cache
1780468898.0836878,Q1,Z3,count:Z3:conf=0.708,True,0.7887,cache
1780468898.084558,Q2,Z5,area:Z5:conf=0.58,True,0.8166,cache
1780468898.0853958,Q2,Z5,area:Z5:conf=0.242,True,0.7836,cache
1780468898.0862463,Q2,Z5,area:Z5:conf=0.58,True,0.797,cache
1780468898.0871027,Q2,Z5,area:Z5:conf=0.58,True,0.8035,cache
1780468898.088141,Q2,Z5,area:Z5:conf=0.58,True,0.9833,cache
1780468898.0888033,Q4,Z2,compare:density:Z2:Z3:conf=0.354,True,0.5944,cache
1780468898.0931118,Q4,Z4,compare:density:Z4:Z5:conf=0.338,False,4.2518,engine
1780468898.09412,Q2,Z5,area:Z5:conf=0.58,True,0.8922,cache
1780468898.0989876,Q3,Z1,density:Z1:conf=0.435,False,4.8235,engine
1780468898.100012,Q3,Z2,density:Z2:conf=0.354,True,0.8326,cache
1780468898.1006336,Q4,Z3,compare:density:Z3:Z4:conf=0.564,True,0.5618,cache
1780468898.1015258,Q1,Z3,count:Z3:conf=0.708,True,0.8337,cache
1780468898.1023855,Q1,Z3,count:Z3:conf=0.708,True,0.8237,cache
1780468898.1032693,Q3,Z1,density:Z1:conf=0.66,True,0.826,cache
1780468898.104118,Q2,Z5,area:Z5:conf=0.242,True,0.7967,cache
1780468898.104987,Q3,Z2,density:Z2:conf=0.354,True,0.8122,cache
1780468898.1058433,Q2,Z5,area:Z5:conf=0.58,True,0.8046,cache
1780468898.1066964,Q2,Z5,area:Z5:conf=0.58,True,0.7954,cache
1780468898.1075828,Q3,Z1,density:Z1:conf=0.773,True,0.8356,cache
1780468898.1084454,Q2,Z5,area:Z5:conf=0.58,True,0.8067,cache
1780468898.109294,Q2,Z5,area:Z5:conf=0.58,True,0.7993,cache
1780468898.1101527,Q2,Z5,area:Z5:conf=0.58,True,0.802,cache
1780468898.1110213,Q2,Z5,area:Z5:conf=0.58,True,0.8181,cache
1780468898.1116693,Q4,Z3,compare:density:Z3:Z4:conf=0.564,True,0.5887,cache
1780468898.1124487,Q4,Z3,compare:density:Z3:Z4:conf=0.564,True,0.724,cache
1780468898.1133435,Q2,Z5,area:Z5:conf=0.242,True,0.8504,cache
1780468898.1142259,Q2,Z5,area:Z5:conf=0.58,True,0.8435,cache
1780468898.1151254,Q2,Z5,area:Z5:conf=0.242,True,0.8354,cache
1780468898.11601,Q2,Z5,area:Z5:conf=0.58,True,0.8209,cache
1780468898.1168773,Q2,Z4,area:Z4:conf=0.708,True,0.8103,cache
1780468898.117753,Q3,Z2,density:Z2:conf=0.354,True,0.8232,cache
1780468898.1186028,Q2,Z5,area:Z5:conf=0.242,True,0.7929,cache
1780468898.1194425,Q2,Z5,area:Z5:conf=0.242,True,0.7878,cache
1780468898.12383,Q4,Z4,compare:density:Z4:Z5:conf=0.37,False,4.3299,engine
1780468898.1246006,Q4,Z2,compare:density:Z2:Z3:conf=0.354,True,0.6171,cache
1780468898.1255105,Q2,Z5,area:Z5:conf=0.242,True,0.8604,cache
1780468898.1263962,Q2,Z5,area:Z5:conf=0.242,True,0.8494,cache
1780468898.127489,Q2,Z5,area:Z5:conf=0.58,True,1.0327,cache
1780468898.1281502,Q4,Z2,compare:density:Z2:Z5:conf=0.821,True,0.5931,cache
1780468898.1290164,Q2,Z5,area:Z5:conf=0.58,True,0.8064,cache
1780468898.1298535,Q2,Z5,area:Z5:conf=0.58,True,0.8023,cache
1780468898.1318796,Q2,Z4,area:Z4:conf=0.95,False,1.9684,engine
1780468898.1328552,Q2,Z4,area:Z4:conf=0.708,True,0.8472,cache
1780468898.133723,Q2,Z5,area:Z5:conf=0.58,True,0.8568,cache
1780468898.1345804,Q2,Z5,area:Z5:conf=0.58,True,0.7993,cache
1780468898.1354754,Q2,Z5,area:Z5:conf=0.58,True,0.8315,cache
1780468898.1363444,Q3,Z2,density:Z2:conf=0.354,True,0.8113,cache
1780468898.1371906,Q2,Z5,area:Z5:conf=0.58,True,0.7937,cache
1780468898.138046,Q2,Z4,area:Z4:conf=0.225,True,0.8003,cache
1780468898.138662,Q4,Z3,compare:density:Z3:Z4:conf=0.145,True,0.5637,cache
1780468898.139529,Q3,Z2,density:Z2:conf=0.354,True,0.8109,cache
1780468898.140115,Q4,Z3,compare:density:Z3:Z4:conf=0.564,True,0.5511,cache
1780468898.1409621,Q2,Z5,area:Z5:conf=0.58,True,0.7925,cache
1780468898.1418173,Q2,Z5,area:Z5:conf=0.58,True,0.8211,cache
1780468898.1426756,Q1,Z4,count:Z4:conf=0.757,True,0.8002,cache
1780468898.1435175,Q2,Z5,area:Z5:conf=0.58,True,0.7892,cache
1780468898.1444104,Q2,Z5,area:Z5:conf=0.58,True,0.8313,cache
1780468898.1452868,Q2,Z5,area:Z5:conf=0.58,True,0.8132,cache
1780468898.1461363,Q2,Z5,area:Z5:conf=0.58,True,0.7912,cache
1780468898.1469722,Q2,Z5,area:Z5:conf=0.242,True,0.7839,cache
1780468898.14784,Q1,Z3,count:Z3:conf=0.708,True,0.8125,cache
1780468898.1487281,Q2,Z4,area:Z4:conf=0.419,True,0.836,cache
1780468898.1493425,Q4,Z3,compare:density:Z3:Z4:conf=0.564,True,0.5578,cache
1780468898.1501849,Q2,Z2,area:Z2:conf=0.547,True,0.789,cache
1780468898.1510777,Q2,Z5,area:Z5:conf=0.242,True,0.8533,cache
1780468898.1517751,Q4,Z2,compare:density:Z2:Z3:conf=0.37,True,0.6284,cache
1780468898.152643,Q2,Z5,area:Z5:conf=0.242,True,0.7987,cache
1780468898.1534953,Q2,Z5,area:Z5:conf=0.58,True,0.8121,cache
1780468898.1541498,Q4,Z1,compare:density:Z1:Z3:conf=0.708,True,0.5888,cache
1780468898.1550348,Q2,Z5,area:Z5:conf=0.58,True,0.831,cache
1780468898.155877,Q2,Z5,area:Z5:conf=0.58,True,0.8038,cache
1780468898.1567478,Q2,Z5,area:Z5:conf=0.58,True,0.8165,cache
1780468898.157633,Q2,Z5,area:Z5:conf=0.58,True,0.8256,cache
1780468898.1586134,Q2,Z5,area:Z5:conf=0.58,True,0.9099,cache
1780468898.159861,Q2,Z5,area:Z5:conf=0.242,True,1.1662,cache
1780468898.1605313,Q4,Z2,compare:density:Z2:Z5:conf=0.725,True,0.5878,cache
1780468898.1614013,Q2,Z5,area:Z5:conf=0.58,True,0.8059,cache
1780468898.1622713,Q2,Z5,area:Z5:conf=0.242,True,0.8277,cache
1780468898.1631317,Q2,Z5,area:Z5:conf=0.58,True,0.8046,cache
1780468898.1639774,Q3,Z5,density:Z5:conf=0.032,True,0.7936,cache
1780468898.1648228,Q2,Z5,area:Z5:conf=0.58,True,0.7916,cache
1780468898.1657045,Q2,Z5,area:Z5:conf=0.58,True,0.83,cache
1780468898.1665487,Q2,Z5,area:Z5:conf=0.242,True,0.7867,cache
1780468898.1673949,Q3,Z1,density:Z1:conf=0.773,True,0.7941,cache
1780468898.16826,Q2,Z3,area:Z3:conf=0.853,True,0.8093,cache
1780468898.1691103,Q3,Z2,density:Z2:conf=0.354,True,0.7987,cache
1780468898.1699605,Q3,Z1,density:Z1:conf=0.242,True,0.7949,cache
1780468898.1708083,Q2,Z5,area:Z5:conf=0.242,True,0.7964,cache
1780468898.1716418,Q2,Z5,area:Z5:conf=0.58,True,0.7784,cache
1780468898.1724784,Q2,Z5,area:Z5:conf=0.58,True,0.7859,cache
1780468898.1733322,Q2,Z5,area:Z5:conf=0.58,True,0.7983,cache
1780468898.17418,Q2,Z5,area:Z5:conf=0.58,True,0.7974,cache
1780468898.1750422,Q2,Z5,area:Z5:conf=0.242,True,0.8086,cache
1780468898.1758754,Q2,Z5,area:Z5:conf=0.58,True,0.7822,cache
1780468898.1767354,Q3,Z2,density:Z2:conf=0.354,True,0.8051,cache
1780468898.1775753,Q2,Z5,area:Z5:conf=0.242,True,0.7881,cache
1780468898.1784363,Q3,Z1,density:Z1:conf=0.773,True,0.8051,cache
1780468898.1792796,Q3,Z1,density:Z1:conf=0.773,True,0.7923,cache
1780468898.180119,Q2,Z5,area:Z5:conf=0.58,True,0.7833,cache
1780468898.181002,Q2,Z5,area:Z5:conf=0.58,True,0.8314,cache
1780468898.1818905,Q3,Z2,density:Z2:conf=0.354,True,0.8176,cache
1780468898.182741,Q3,Z2,density:Z2:conf=0.354,True,0.7966,cache
1780468898.1835837,Q2,Z5,area:Z5:conf=0.58,True,0.7868,cache
1780468898.1844714,Q2,Z5,area:Z5:conf=0.58,True,0.8363,cache
1780468898.1853132,Q1,Z3,count:Z3:conf=0.708,True,0.7878,cache
1780468898.1859162,Q4,Z3,compare:density:Z3:Z4:conf=0.564,True,0.551,cache
1780468898.1867745,Q2,Z5,area:Z5:conf=0.58,True,0.8025,cache
1780468898.1875923,Q2,Z5,area:Z5:conf=0.242,True,0.7828,cache
1780468898.188997,Q3,Z1,density:Z1:conf=0.757,True,0.8552,cache
1780468898.1899123,Q2,Z5,area:Z5:conf=0.58,True,0.8614,cache
1780468898.1907907,Q3,Z1,density:Z1:conf=0.097,True,0.8204,cache
1780468898.191647,Q2,Z5,area:Z5:conf=0.58,True,0.8027,cache
1780468898.1925094,Q2,Z5,area:Z5:conf=0.242,True,0.8029,cache
1780468898.1933591,Q2,Z5,area:Z5:conf=0.242,True,0.7979,cache
1780468898.1942267,Q2,Z5,area:Z5:conf=0.58,True,0.8117,cache
1780468898.1950636,Q1,Z3,count:Z3:conf=0.322,True,0.7847,cache
1780468898.1959708,Q2,Z5,area:Z5:conf=0.242,True,0.8516,cache
1780468898.196593,Q4,Z2,compare:density:Z2:Z3:conf=0.435,True,0.5696,cache
1780468898.1974514,Q2,Z5,area:Z5:conf=0.58,True,0.8016,cache
1780468898.1982772,Q1,Z4,count:Z4:conf=0.37,True,0.791,cache
1780468898.1987484,Q4,Z2,compare:density:Z2:Z4:conf=0.934,True,0.4136,cache
1780468898.199622,Q3,Z2,density:Z2:conf=0.354,True,0.8205,cache
1780468898.200456,Q2,Z5,area:Z5:conf=0.58,True,0.8002,cache
1780468898.2013235,Q3,Z1,density:Z1:conf=0.773,True,0.8163,cache
1780468898.202178,Q3,Z2,density:Z2:conf=0.354,True,0.7986,cache
1780468898.2061846,Q4,Z2,compare:density:Z2:Z3:conf=0.596,False,3.9539,engine
1780468898.207112,Q2,Z5,area:Z5:conf=0.242,True,0.8451,cache
1780468898.2079654,Q2,Z5,area:Z5:conf=0.58,True,0.8171,cache
1780468898.208823,Q2,Z5,area:Z5:conf=0.58,True,0.801,cache
1780468898.2096581,Q1,Z3,count:Z3:conf=0.708,True,0.7827,cache
1780468898.214306,Q3,Z1,density:Z1:conf=0.274,False,4.5885,engine
1780468898.215238,Q2,Z5,area:Z5:conf=0.58,True,0.8228,cache
1780468898.216086,Q1,Z4,count:Z4:conf=0.757,True,0.7915,cache
1780468898.216933,Q2,Z3,area:Z3:conf=0.403,True,0.7937,cache
1780468898.2177858,Q2,Z5,area:Z5:conf=0.58,True,0.7953,cache
1780468898.2186246,Q2,Z5,area:Z5:conf=0.58,True,0.7857,cache
1780468898.2194886,Q1,Z3,count:Z3:conf=0.708,True,0.8078,cache
1780468898.2202544,Q4,Z3,compare:density:Z3:Z4:conf=0.564,True,0.7126,cache
1780468898.2211838,Q2,Z5,area:Z5:conf=0.58,True,0.8681,cache
1780468898.222083,Q1,Z1,count:Z1:conf=0.805,True,0.853,cache
1780468898.2229478,Q2,Z5,area:Z5:conf=0.242,True,0.8083,cache
1780468898.2238038,Q3,Z5,density:Z5:conf=0.403,True,0.7916,cache
1780468898.2246835,Q2,Z1,area:Z1:conf=0.435,True,0.8237,cache
1780468898.2255476,Q3,Z4,density:Z4:conf=0.853,True,0.8097,cache
1780468898.226469,Q2,Z5,area:Z5:conf=0.242,True,0.8656,cache
1780468898.227326,Q2,Z5,area:Z5:conf=0.58,True,0.8048,cache
1780468898.2281756,Q2,Z5,area:Z5:conf=0.242,True,0.7943,cache
1780468898.2290165,Q2,Z5,area:Z5:conf=0.58,True,0.7885,cache
1780468898.229863,Q3,Z1,density:Z1:conf=0.773,True,0.7916,cache
1780468898.230735,Q2,Z5,area:Z5:conf=0.58,True,0.818,cache
1780468898.2315755,Q2,Z5,area:Z5:conf=0.242,True,0.7797,cache
1780468898.2324088,Q2,Z5,area:Z5:conf=0.58,True,0.7801,cache
1780468898.2332475,Q2,Z5,area:Z5:conf=0.58,True,0.7833,cache
1780468898.2341223,Q2,Z5,area:Z5:conf=0.58,True,0.7984,cache
1780468898.2347434,Q4,Z3,compare:density:Z3:Z4:conf=0.564,True,0.5607,cache
1780468898.2356117,Q3,Z1,density:Z1:conf=0.708,True,0.8136,cache
1780468898.236457,Q2,Z5,area:Z5:conf=0.58,True,0.8094,cache
1780468898.2370613,Q4,Z2,compare:density:Z2:Z3:conf=0.37,True,0.5494,cache
1780468898.2376676,Q4,Z1,compare:density:Z1:Z5:conf=0.386,True,0.5499,cache
1780468898.238492,Q2,Z5,area:Z5:conf=0.58,True,0.7867,cache
1780468898.2393155,Q3,Z1,density:Z1:conf=0.773,True,0.7878,cache
1780468898.2401597,Q2,Z5,area:Z5:conf=0.242,True,0.79,cache
1780468898.2410767,Q2,Z5,area:Z5:conf=0.58,True,0.8626,cache
1780468898.241966,Q3,Z2,density:Z2:conf=0.354,True,0.824,cache
1780468898.2428179,Q2,Z5,area:Z5:conf=0.58,True,0.7954,cache
1780468898.2436674,Q2,Z1,area:Z1:conf=0.435,True,0.7941,cache
1780468898.2442868,Q4,Z2,compare:density:Z2:Z3:conf=0.773,True,0.565,cache
1780468898.2451386,Q3,Z1,density:Z1:conf=0.66,True,0.7967,cache
1780468898.245967,Q3,Z2,density:Z2:conf=0.354,True,0.7925,cache
1780468898.2468042,Q3,Z2,density:Z2:conf=0.354,True,0.7826,cache
1780468898.2486932,Q1,Z3,count:Z3:conf=0.95,False,1.8331,engine
1780468898.2495742,Q2,Z5,area:Z5:conf=0.58,True,0.8044,cache
1780468898.2503726,Q2,Z5,area:Z5:conf=0.58,True,0.7871,cache
1780468898.2512782,Q3,Z2,density:Z2:conf=0.354,True,0.8493,cache
1780468898.2521865,Q2,Z5,area:Z5:conf=0.58,True,0.8353,cache
1780468898.2530324,Q2,Z5,area:Z5:conf=0.58,True,0.7896,cache
1780468898.2538826,Q2,Z5,area:Z5:conf=0.58,True,0.7985,cache
1780468898.254742,Q3,Z2,density:Z2:conf=0.354,True,0.8039,cache
1780468898.255582,Q2,Z5,area:Z5:conf=0.58,True,0.7886,cache
1780468898.2565453,Q2,Z5,area:Z5:conf=0.58,True,0.9075,cache
1780468898.25748,Q2,Z5,area:Z5:conf=0.58,True,0.8745,cache
1780468898.2583392,Q2,Z5,area:Z5:conf=0.58,True,0.8017,cache
1780468898.258961,Q4,Z2,compare:density:Z2:Z3:conf=0.048,True,0.5528,cache
1780468898.2601285,Q2,Z5,area:Z5:conf=0.58,True,1.111,cache
1780468898.2612085,Q3,Z1,density:Z1:conf=0.773,True,1.0435,cache
1780468898.2619338,Q4,Z2,compare:density:Z2:Z3:conf=0.354,True,0.6568,cache
1780468898.262914,Q2,Z5,area:Z5:conf=0.58,True,0.9067,cache
1780468898.263757,Q3,Z1,density:Z1:conf=0.66,True,0.8069,cache
1780468898.2646298,Q1,Z3,count:Z3:conf=0.708,True,0.8181,cache
1780468898.265487,Q3,Z2,density:Z2:conf=0.354,True,0.8033,cache
1780468898.2665296,Q2,Z5,area:Z5:conf=0.58,True,0.9857,cache
1780468898.267445,Q2,Z5,area:Z5:conf=0.58,True,0.8466,cache
1780468898.2715058,Q4,Z1,compare:density:Z1:Z4:conf=0.37,False,4.0024,engine
1780468898.2724817,Q3,Z1,density:Z1:conf=0.708,True,0.8672,cache
1780468898.273367,Q2,Z5,area:Z5:conf=0.403,True,0.8411,cache
1780468898.2742233,Q3,Z1,density:Z1:conf=0.612,True,0.8016,cache
1780468898.2750793,Q2,Z5,area:Z5:conf=0.58,True,0.8005,cache
1780468898.275944,Q2,Z3,area:Z3:conf=0.853,True,0.8099,cache
1780468898.2767868,Q2,Z5,area:Z5:conf=0.242,True,0.7873,cache
1780468898.2776446,Q3,Z1,density:Z1:conf=0.708,True,0.8033,cache
1780468898.278491,Q2,Z5,area:Z5:conf=0.58,True,0.7867,cache
1780468898.2793436,Q2,Z5,area:Z5:conf=0.58,True,0.8,cache
1780468898.2802134,Q1,Z4,count:Z4:conf=0.757,True,0.8148,cache
1780468898.2812383,Q2,Z3,area:Z3:conf=0.853,True,0.9634,cache
1780468898.2820685,Q4,Z3,compare:density:Z3:Z4:conf=0.564,True,0.6822,cache
1780468898.282995,Q2,Z5,area:Z5:conf=0.58,True,0.8353,cache
1780468898.2838798,Q2,Z5,area:Z5:conf=0.58,True,0.8458,cache
1780468898.2874262,Q4,Z2,compare:density:Z2:Z3:conf=0.934,False,3.4915,engine
1780468898.2883472,Q2,Z5,area:Z5:conf=0.242,True,0.832,cache
1780468898.289171,Q2,Z5,area:Z5:conf=0.242,True,0.7981,cache
1780468898.2900224,Q3,Z2,density:Z2:conf=0.354,True,0.7958,cache
1780468898.290873,Q2,Z5,area:Z5:conf=0.242,True,0.7968,cache
1780468898.291714,Q3,Z2,density:Z2:conf=0.354,True,0.785,cache
1780468898.2925828,Q2,Z5,area:Z5:conf=0.242,True,0.8153,cache
1780468898.293442,Q3,Z5,density:Z5:conf=0.032,True,0.8034,cache
1780468898.294301,Q1,Z1,count:Z1:conf=0.242,True,0.8064,cache
1780468898.2949526,Q4,Z1,compare:density:Z1:Z3:conf=0.403,True,0.5865,cache
1780468898.2958083,Q3,Z2,density:Z2:conf=0.354,True,0.8021,cache
1780468898.296654,Q2,Z5,area:Z5:conf=0.242,True,0.8101,cache
1780468898.2975316,Q1,Z3,count:Z3:conf=0.708,True,0.8214,cache
1780468898.298405,Q1,Z1,count:Z1:conf=0.805,True,0.8157,cache
1780468898.2992764,Q3,Z2,density:Z2:conf=0.354,True,0.8164,cache
1780468898.3001158,Q1,Z3,count:Z3:conf=0.708,True,0.7857,cache
1780468898.3010087,Q1,Z4,count:Z4:conf=0.757,True,0.8377,cache
1780468898.3018816,Q3,Z1,density:Z1:conf=0.773,True,0.8152,cache
1780468898.3027546,Q1,Z4,count:Z4:conf=0.757,True,0.8177,cache
1780468898.303603,Q2,Z5,area:Z5:conf=0.58,True,0.794,cache
1780468898.3044622,Q2,Z5,area:Z5:conf=0.242,True,0.8041,cache
1780468898.30531,Q3,Z2,density:Z2:conf=0.354,True,0.795,cache
1780468898.3061602,Q2,Z5,area:Z5:conf=0.58,True,0.7963,cache
1780468898.3070107,Q2,Z3,area:Z3:conf=0.242,True,0.7952,cache
1780468898.3076563,Q4,Z3,compare:density:Z3:Z4:conf=0.564,True,0.5914,cache
1780468898.3084955,Q2,Z5,area:Z5:conf=0.58,True,0.7846,cache
1780468898.3093243,Q3,Z1,density:Z1:conf=0.66,True,0.7929,cache
1780468898.3101668,Q2,Z4,area:Z4:conf=0.708,True,0.787,cache
1780468898.3107924,Q4,Z2,compare:density:Z2:Z3:conf=0.354,True,0.5715,cache
1780468898.3116398,Q2,Z5,area:Z5:conf=0.242,True,0.7927,cache
1780468898.312768,Q3,Z1,density:Z1:conf=0.097,True,1.0896,cache
1780468898.313645,Q2,Z5,area:Z5:conf=0.242,True,0.8136,cache
1780468898.3145278,Q3,Z2,density:Z2:conf=0.354,True,0.8276,cache
1780468898.315388,Q2,Z5,area:Z5:conf=0.58,True,0.8053,cache
1780468898.3160505,Q4,Z3,compare:density:Z3:Z4:conf=0.564,True,0.6076,cache
1780468898.3169115,Q2,Z4,area:Z4:conf=0.708,True,0.8053,cache
1780468898.3177357,Q3,Z2,density:Z2:conf=0.354,True,0.7883,cache
1780468898.318587,Q2,Z5,area:Z5:conf=0.242,True,0.7965,cache
1780468898.3194427,Q3,Z4,density:Z4:conf=0.853,True,0.8013,cache
1780468898.3202996,Q3,Z1,density:Z1:conf=0.773,True,0.802,cache
1780468898.3211675,Q2,Z5,area:Z5:conf=0.58,True,0.814,cache
1780468898.3260972,Q1,Z5,count:Z5:conf=0.016,False,4.8744,engine
1780468898.327012,Q1,Z3,count:Z3:conf=0.708,True,0.846,cache
1780468898.3318896,Q1,Z1,count:Z1:conf=0.789,False,4.8166,engine
1780468898.3357499,Q4,Z1,compare:density:Z1:Z4:conf=0.515,False,3.7324,engine
1780468898.3367136,Q2,Z1,area:Z1:conf=0.145,True,0.8705,cache
1780468898.3373125,Q4,Z2,compare:density:Z2:Z3:conf=0.354,True,0.5608,cache
1780468898.3379145,Q4,Z3,compare:density:Z3:Z4:conf=0.564,True,0.5464,cache
1780468898.3387809,Q2,Z5,area:Z5:conf=0.58,True,0.8271,cache
1780468898.3396156,Q3,Z2,density:Z2:conf=0.354,True,0.7987,cache
1780468898.3402202,Q4,Z2,compare:density:Z2:Z3:conf=0.354,True,0.549,cache
1780468898.3417714,Q2,Z5,area:Z5:conf=0.242,True,0.9499,cache
1780468898.3427634,Q1,Z4,count:Z4:conf=0.37,True,0.9405,cache
1780468898.3436644,Q2,Z5,area:Z5:conf=0.58,True,0.8299,cache
1780468898.3445227,Q2,Z5,area:Z5:conf=0.58,True,0.7995,cache
1780468898.3453596,Q2,Z5,area:Z5:conf=0.242,True,0.7824,cache
1780468898.3462682,Q2,Z5,area:Z5:conf=0.242,True,0.8527,cache
1780468898.3471231,Q2,Z5,area:Z5:conf=0.58,True,0.8006,cache
1780468898.347956,Q2,Z5,area:Z5:conf=0.58,True,0.7783,cache
1780468898.3488097,Q1,Z1,count:Z1:conf=0.805,True,0.7984,cache
1780468898.349677,Q2,Z5,area:Z5:conf=0.242,True,0.8125,cache
1780468898.350523,Q2,Z5,area:Z5:conf=0.58,True,0.7909,cache
1780468898.3513992,Q2,Z5,area:Z5:conf=0.58,True,0.8221,cache
1780468898.3522756,Q2,Z5,area:Z5:conf=0.242,True,0.8223,cache
1780468898.3531296,Q2,Z5,area:Z5:conf=0.58,True,0.801,cache
1780468898.354017,Q1,Z3,count:Z3:conf=0.708,True,0.8319,cache
1780468898.3548722,Q2,Z3,area:Z3:conf=0.853,True,0.7998,cache
1780468898.355734,Q2,Z5,area:Z5:conf=0.58,True,0.8068,cache
1780468898.3566093,Q3,Z2,density:Z2:conf=0.354,True,0.8199,cache
1780468898.357493,Q2,Z5,area:Z5:conf=0.58,True,0.8279,cache
1780468898.3583765,Q2,Z5,area:Z5:conf=0.58,True,0.824,cache
1780468898.3592522,Q2,Z4,area:Z4:conf=0.081,True,0.8202,cache
1780468898.3601122,Q3,Z2,density:Z2:conf=0.354,True,0.806,cache
1780468898.3610017,Q3,Z1,density:Z1:conf=0.741,True,0.8335,cache
1780468898.3619637,Q2,Z5,area:Z5:conf=0.58,True,0.8853,cache
1780468898.3628633,Q2,Z5,area:Z5:conf=0.58,True,0.8222,cache
1780468898.363712,Q2,Z5,area:Z5:conf=0.242,True,0.7936,cache
1780468898.364559,Q2,Z5,area:Z5:conf=0.242,True,0.7931,cache
1780468898.3693469,Q3,Z3,density:Z3:conf=0.113,False,4.733,engine
1780468898.3702106,Q2,Z5,area:Z5:conf=0.58,True,0.8017,cache
1780468898.3710604,Q3,Z1,density:Z1:conf=0.097,True,0.7942,cache
1780468898.3719325,Q2,Z3,area:Z3:conf=0.596,True,0.8084,cache
1780468898.3728075,Q3,Z2,density:Z2:conf=0.354,True,0.8185,cache
1780468898.373673,Q2,Z5,area:Z5:conf=0.58,True,0.8111,cache
1780468898.3745763,Q2,Z5,area:Z5:conf=0.242,True,0.8474,cache
1780468898.375435,Q2,Z5,area:Z5:conf=0.58,True,0.8036,cache
1780468898.3763335,Q2,Z3,area:Z3:conf=0.853,True,0.8432,cache
1780468898.3771992,Q2,Z5,area:Z5:conf=0.242,True,0.8106,cache
1780468898.3778086,Q4,Z3,compare:density:Z3:Z4:conf=0.097,True,0.5559,cache
1780468898.3784165,Q4,Z3,compare:density:Z3:Z4:conf=0.564,True,0.552,cache
1780468898.3792443,Q2,Z5,area:Z5:conf=0.242,True,0.7897,cache
1780468898.3800933,Q1,Z3,count:Z3:conf=0.708,True,0.8129,cache
1780468898.3809438,Q2,Z5,area:Z5:conf=0.242,True,0.7942,cache
1780468898.3857238,Q3,Z5,density:Z5:conf=0.644,False,4.7253,engine
1780468898.3866076,Q2,Z5,area:Z5:conf=0.58,True,0.8076,cache
1780468898.3912318,Q1,Z5,count:Z5:conf=0.242,False,4.5693,engine
1780468898.3922114,Q3,Z4,density:Z4:conf=0.853,True,0.841,cache
1780468898.3928714,Q4,Z1,compare:density:Z1:Z5:conf=0.386,True,0.574,cache
1780468898.3937461,Q2,Z5,area:Z5:conf=0.242,True,0.8173,cache
1780468898.3945997,Q1,Z1,count:Z1:conf=0.805,True,0.8178,cache
1780468898.3954513,Q2,Z5,area:Z5:conf=0.58,True,0.7959,cache
1780468898.396057,Q4,Z2,compare:density:Z2:Z3:conf=0.354,True,0.5495,cache
1780468898.3969133,Q2,Z5,area:Z5:conf=0.58,True,0.8002,cache
1780468898.3977444,Q2,Z5,area:Z5:conf=0.58,True,0.7958,cache
1780468898.398576,Q2,Z5,area:Z5:conf=0.242,True,0.7773,cache
1780468898.3994155,Q2,Z5,area:Z5:conf=0.58,True,0.7859,cache
1780468898.4002874,Q2,Z5,area:Z5:conf=0.58,True,0.8171,cache
1780468898.4011734,Q3,Z1,density:Z1:conf=0.66,True,0.8319,cache
1780468898.4020264,Q2,Z5,area:Z5:conf=0.58,True,0.7914,cache
1780468898.4028666,Q1,Z4,count:Z4:conf=0.757,True,0.786,cache
1780468898.4037228,Q2,Z5,area:Z5:conf=0.58,True,0.8013,cache
1780468898.4044664,Q4,Z2,compare:density:Z2:Z3:conf=0.354,True,0.688,cache
1780468898.4055088,Q2,Z3,area:Z3:conf=0.853,True,0.9527,cache
1780468898.4064372,Q2,Z5,area:Z5:conf=0.242,True,0.8889,cache
1780468898.4072886,Q2,Z4,area:Z4:conf=0.708,True,0.7946,cache
1780468898.4123178,Q2,Z4,area:Z4:conf=0.853,False,4.976,engine
1780468898.4132078,Q2,Z4,area:Z4:conf=0.419,True,0.8235,cache
1780468898.414067,Q2,Z5,area:Z5:conf=0.242,True,0.807,cache
1780468898.414935,Q2,Z5,area:Z5:conf=0.242,True,0.8113,cache
1780468898.4158003,Q3,Z1,density:Z1:conf=0.708,True,0.8115,cache
1780468898.4166546,Q2,Z5,area:Z5:conf=0.58,True,0.7976,cache
1780468898.4174972,Q2,Z4,area:Z4:conf=0.419,True,0.7909,cache
1780468898.4183471,Q2,Z5,area:Z5:conf=0.58,True,0.7935,cache
1780468898.4191945,Q2,Z4,area:Z4:conf=0.419,True,0.7949,cache
1780468898.4200814,Q2,Z5,area:Z5:conf=0.58,True,0.8326,cache
1780468898.4210968,Q2,Z5,area:Z5:conf=0.58,True,0.9538,cache
1780468898.4257514,Q4,Z1,compare:density:Z1:Z2:conf=0.886,False,4.526,engine
1780468898.4267042,Q3,Z5,density:Z5:conf=0.0,True,0.8643,cache
1780468898.4272952,Q4,Z1,compare:density:Z1:Z3:conf=0.596,True,0.5534,cache
1780468898.4308672,Q4,Z1,compare:density:Z1:Z3:conf=0.242,False,3.5166,engine
1780468898.4318085,Q2,Z5,area:Z5:conf=0.242,True,0.8881,cache
1780468898.432701,Q2,Z5,area:Z5:conf=0.58,True,0.8452,cache
1780468898.4335482,Q2,Z5,area:Z5:conf=0.58,True,0.7921,cache
1780468898.4343948,Q2,Z5,area:Z5:conf=0.242,True,0.7949,cache
1780468898.4352696,Q2,Z5,area:Z5:conf=0.58,True,0.8184,cache
1780468898.4362593,Q1,Z5,count:Z5:conf=0.129,True,0.9361,cache
1780468898.4371405,Q2,Z5,area:Z5:conf=0.58,True,0.8146,cache
1780468898.438004,Q2,Z5,area:Z5:conf=0.58,True,0.8099,cache
1780468898.4388444,Q2,Z5,area:Z5:conf=0.58,True,0.7848,cache
1780468898.4396722,Q2,Z5,area:Z5:conf=0.58,True,0.7762,cache
1780468898.440503,Q2,Z5,area:Z5:conf=0.58,True,0.7744,cache
1780468898.4413486,Q3,Z1,density:Z1:conf=0.773,True,0.7939,cache
1780468898.4422112,Q2,Z5,area:Z5:conf=0.58,True,0.8057,cache
1780468898.4428065,Q4,Z3,compare:density:Z3:Z4:conf=0.564,True,0.5442,cache
1780468898.4434075,Q4,Z1,compare:density:Z1:Z5:conf=0.869,True,0.5433,cache
1780468898.4442484,Q3,Z2,density:Z2:conf=0.354,True,0.8049,cache
1780468898.4450893,Q1,Z3,count:Z3:conf=0.708,True,0.8038,cache
1780468898.445933,Q2,Z5,area:Z5:conf=0.58,True,0.7895,cache
1780468898.446773,Q2,Z5,area:Z5:conf=0.58,True,0.7866,cache
1780468898.4476187,Q2,Z5,area:Z5:conf=0.58,True,0.792,cache
1780468898.448377,Q5,Z4,confidence_dist:Z4:bins=15,True,0.7027,cache
1780468898.4490297,Q4,Z3,compare:density:Z3:Z4:conf=0.564,True,0.5863,cache
1780468898.4498608,Q2,Z5,area:Z5:conf=0.58,True,0.7916,cache
1780468898.4507692,Q2,Z5,area:Z5:conf=0.242,True,0.8722,cache
1780468898.451658,Q1,Z1,count:Z1:conf=0.805,True,0.8278,cache
1780468898.452525,Q3,Z1,density:Z1:conf=0.773,True,0.7973,cache
1780468898.4533617,Q3,Z2,density:Z2:conf=0.354,True,0.7808,cache
1780468898.454202,Q3,Z1,density:Z1:conf=0.741,True,0.7874,cache
1780468898.4550645,Q3,Z1,density:Z1:conf=0.773,True,0.8066,cache
1780468898.4556687,Q4,Z3,compare:density:Z3:Z4:conf=0.564,True,0.5529,cache
1780468898.4565146,Q2,Z5,area:Z5:conf=0.58,True,0.7897,cache
1780468898.4573402,Q2,Z5,area:Z5:conf=0.58,True,0.7908,cache
1780468898.4626892,Q3,Z5,density:Z5:conf=0.242,False,5.2617,engine
1780468898.4637241,Q3,Z2,density:Z2:conf=0.354,True,0.8919,cache
1780468898.4646277,Q2,Z5,area:Z5:conf=0.242,True,0.8352,cache
1780468898.46553,Q3,Z2,density:Z2:conf=0.354,True,0.8414,cache
1780468898.4664068,Q2,Z5,area:Z5:conf=0.58,True,0.8182,cache
1780468898.4672804,Q3,Z5,density:Z5:conf=0.032,True,0.8188,cache
1780468898.4681191,Q2,Z5,area:Z5:conf=0.58,True,0.7826,cache
1780468898.4689863,Q2,Z4,area:Z4:conf=0.419,True,0.812,cache
1780468898.4698358,Q3,Z2,density:Z2:conf=0.354,True,0.7941,cache
1780468898.4706826,Q2,Z5,area:Z5:conf=0.58,True,0.7943,cache
1780468898.4716713,Q2,Z5,area:Z5:conf=0.58,True,0.9348,cache
1780468898.4725654,Q3,Z1,density:Z1:conf=0.66,True,0.8408,cache
1780468898.4734395,Q2,Z5,area:Z5:conf=0.58,True,0.8198,cache
1780468898.474314,Q2,Z5,area:Z5:conf=0.58,True,0.8205,cache
1780468898.4749548,Q4,Z2,compare:density:Z2:Z3:conf=0.354,True,0.5843,cache
1780468898.4758298,Q2,Z5,area:Z5:conf=0.58,True,0.8214,cache
1780468898.4766917,Q2,Z5,area:Z5:conf=0.58,True,0.8268,cache
1780468898.477548,Q2,Z5,area:Z5:conf=0.58,True,0.8029,cache
1780468898.4781835,Q4,Z1,compare:density:Z1:Z5:conf=0.386,True,0.5675,cache
1780468898.4790182,Q2,Z5,area:Z5:conf=0.58,True,0.7811,cache
1780468898.479835,Q2,Z5,area:Z5:conf=0.58,True,0.7816,cache
1780468898.4806962,Q2,Z5,area:Z5:conf=0.58,True,0.8078,cache
1780468898.481645,Q2,Z5,area:Z5:conf=0.58,True,0.8921,cache
1780468898.4825377,Q2,Z5,area:Z5:conf=0.58,True,0.8233,cache
1780468898.4833846,Q2,Z5,area:Z5:conf=0.58,True,0.792,cache
1780468898.4842143,Q2,Z5,area:Z5:conf=0.58,True,0.7771,cache
1780468898.4850574,Q2,Z5,area:Z5:conf=0.242,True,0.7886,cache
1780468898.4856644,Q4,Z2,compare:density:Z2:Z3:conf=0.048,True,0.5526,cache
1780468898.4865093,Q2,Z5,area:Z5:conf=0.58,True,0.7897,cache
1780468898.4873364,Q2,Z5,area:Z5:conf=0.58,True,0.7922,cache
1780468898.4881659,Q3,Z5,density:Z5:conf=0.274,True,0.7751,cache
1780468898.4887736,Q4,Z1,compare:density:Z1:Z5:conf=0.869,True,0.5532,cache
1780468898.4896297,Q3,Z1,density:Z1:conf=0.773,True,0.8011,cache
1780468898.4904857,Q2,Z5,area:Z5:conf=0.58,True,0.8212,cache
1780468898.4913232,Q2,Z5,area:Z5:conf=0.242,True,0.7821,cache
1780468898.4921677,Q2,Z5,area:Z5:conf=0.58,True,0.7871,cache
1780468898.4930155,Q2,Z5,area:Z5:conf=0.58,True,0.7924,cache
1780468898.4938607,Q2,Z5,area:Z5:conf=0.58,True,0.7914,cache
1780468898.494712,Q3,Z2,density:Z2:conf=0.354,True,0.7963,cache
1780468898.4962263,Q2,Z5,area:Z5:conf=0.58,True,0.9073,cache
1780468898.497033,Q4,Z3,compare:density:Z3:Z4:conf=0.564,True,0.7333,cache
1780468898.497949,Q2,Z5,area:Z5:conf=0.58,True,0.8387,cache
1780468898.4988258,Q2,Z5,area:Z5:conf=0.58,True,0.833,cache
1780468898.499729,Q2,Z3,area:Z3:conf=0.853,True,0.8443,cache
1780468898.5006325,Q2,Z1,area:Z1:conf=0.435,True,0.8456,cache
1780468898.501522,Q2,Z5,area:Z5:conf=0.58,True,0.8304,cache
1780468898.5023985,Q3,Z2,density:Z2:conf=0.354,True,0.822,cache
1780468898.503289,Q2,Z5,area:Z5:conf=0.58,True,0.8347,cache
1780468898.5041485,Q2,Z5,area:Z5:conf=0.58,True,0.8058,cache
1780468898.5049992,Q1,Z4,count:Z4:conf=0.757,True,0.7953,cache
1780468898.505855,Q2,Z5,area:Z5:conf=0.58,True,0.8021,cache
1780468898.5067205,Q2,Z5,area:Z5:conf=0.242,True,0.8099,cache
1780468898.5075748,Q2,Z5,area:Z5:conf=0.242,True,0.802,cache
1780468898.508429,Q2,Z5,area:Z5:conf=0.58,True,0.7996,cache
1780468898.5092828,Q2,Z5,area:Z5:conf=0.58,True,0.8003,cache
1780468898.5101154,Q2,Z5,area:Z5:conf=0.58,True,0.7782,cache
1780468898.515509,Q1,Z5,count:Z5:conf=0.741,False,5.339,engine
1780468898.5163517,Q4,Z3,compare:density:Z3:Z4:conf=0.564,True,0.6996,cache
1780468898.517236,Q2,Z5,area:Z5:conf=0.58,True,0.8145,cache
1780468898.518062,Q2,Z5,area:Z5:conf=0.58,True,0.7895,cache
1780468898.518928,Q3,Z2,density:Z2:conf=0.354,True,0.8114,cache
1780468898.5197773,Q2,Z5,area:Z5:conf=0.58,True,0.795,cache
1780468898.520611,Q3,Z2,density:Z2:conf=0.354,True,0.7812,cache
1780468898.5214827,Q1,Z4,count:Z4:conf=0.757,True,0.8165,cache
1780468898.522353,Q2,Z5,area:Z5:conf=0.242,True,0.8054,cache
1780468898.5231898,Q2,Z5,area:Z5:conf=0.58,True,0.7841,cache
1780468898.5240245,Q2,Z5,area:Z5:conf=0.58,True,0.7822,cache
1780468898.5248713,Q2,Z5,area:Z5:conf=0.58,True,0.7936,cache
1780468898.5258017,Q2,Z5,area:Z5:conf=0.242,True,0.8284,cache
1780468898.5264535,Q4,Z2,compare:density:Z2:Z5:conf=0.725,True,0.5962,cache
1780468898.5272982,Q2,Z5,area:Z5:conf=0.58,True,0.7894,cache
1780468898.5281236,Q3,Z2,density:Z2:conf=0.354,True,0.7906,cache
1780468898.528969,Q3,Z1,density:Z1:conf=0.773,True,0.7922,cache
1780468898.5298023,Q2,Z5,area:Z5:conf=0.58,True,0.7792,cache
1780468898.530636,Q2,Z5,area:Z5:conf=0.58,True,0.7807,cache
1780468898.531474,Q2,Z5,area:Z5:conf=0.58,True,0.7846,cache
1780468898.5323033,Q3,Z1,density:Z1:conf=0.773,True,0.7751,cache
1780468898.5331366,Q2,Z5,area:Z5:conf=0.242,True,0.78,cache
1780468898.533976,Q2,Z4,area:Z4:conf=0.708,True,0.7869,cache
1780468898.5347905,Q1,Z4,count:Z4:conf=0.37,True,0.7604,cache
1780468898.535399,Q4,Z2,compare:density:Z2:Z3:conf=0.354,True,0.5541,cache
1780468898.5403783,Q3,Z2,density:Z2:conf=0.853,False,4.9241,engine
1780468898.5410275,Q4,Z2,compare:density:Z2:Z3:conf=0.354,True,0.6038,cache
1780468898.5419297,Q3,Z1,density:Z1:conf=0.097,True,0.8312,cache
1780468898.542786,Q1,Z5,count:Z5:conf=0.0,True,0.8192,cache
1780468898.543687,Q2,Z4,area:Z4:conf=0.708,True,0.8456,cache
1780468898.5446286,Q2,Z4,area:Z4:conf=0.419,True,0.881,cache
1780468898.545246,Q4,Z2,compare:density:Z2:Z5:conf=0.805,True,0.5578,cache
1780468898.5460851,Q2,Z5,area:Z5:conf=0.242,True,0.7837,cache
1780468898.5466864,Q4,Z3,compare:density:Z3:Z4:conf=0.564,True,0.5653,cache
1780468898.5475328,Q2,Z5,area:Z5:conf=0.242,True,0.7921,cache
1780468898.5481496,Q4,Z2,compare:density:Z2:Z3:conf=0.37,True,0.5811,cache
1780468898.5490487,Q2,Z5,area:Z5:conf=0.242,True,0.8451,cache
1780468898.5499027,Q3,Z1,density:Z1:conf=0.66,True,0.818,cache
1780468898.5507653,Q2,Z4,area:Z4:conf=0.419,True,0.8078,cache
1780468898.5556803,Q4,Z3,compare:density:Z3:Z5:conf=0.757,False,4.8598,engine
1780468898.5566638,Q2,Z5,area:Z5:conf=0.58,True,0.8349,cache
1780468898.5575075,Q1,Z3,count:Z3:conf=0.708,True,0.8067,cache
1780468898.5581117,Q4,Z2,compare:density:Z2:Z3:conf=0.354,True,0.5502,cache
1780468898.5589879,Q4,Z1,compare:density:Z1:Z4:conf=0.628,True,0.8191,cache
1780468898.5598838,Q3,Z5,density:Z5:conf=0.403,True,0.8508,cache
1780468898.5607138,Q3,Z2,density:Z2:conf=0.354,True,0.7938,cache
1780468898.5619035,Q3,Z2,density:Z2:conf=0.354,True,1.1175,cache
1780468898.5627482,Q2,Z5,area:Z5:conf=0.58,True,0.7902,cache
1780468898.5659256,Q2,Z2,area:Z2:conf=0.918,False,3.1212,engine
1780468898.5668328,Q2,Z5,area:Z5:conf=0.58,True,0.8465,cache
1780468898.5676787,Q2,Z4,area:Z4:conf=0.708,True,0.8139,cache
1780468898.5685241,Q2,Z3,area:Z3:conf=0.853,True,0.7896,cache
1780468898.5693698,Q2,Z5,area:Z5:conf=0.242,True,0.7906,cache
1780468898.5702188,Q2,Z5,area:Z5:conf=0.58,True,0.7934,cache
1780468898.5711014,Q2,Z5,area:Z5:conf=0.58,True,0.8296,cache
1780468898.5719593,Q2,Z3,area:Z3:conf=0.242,True,0.7989,cache
1780468898.572795,Q2,Z5,area:Z5:conf=0.242,True,0.7805,cache
1780468898.5736384,Q2,Z5,area:Z5:conf=0.58,True,0.7884,cache
1780468898.5746017,Q2,Z4,area:Z4:conf=0.708,True,0.9092,cache
1780468898.575441,Q2,Z5,area:Z5:conf=0.58,True,0.7841,cache
1780468898.57629,Q2,Z1,area:Z1:conf=0.435,True,0.7938,cache
1780468898.5771413,Q2,Z5,area:Z5:conf=0.58,True,0.795,cache
1780468898.5779877,Q2,Z5,area:Z5:conf=0.58,True,0.7929,cache
1780468898.5788312,Q2,Z5,area:Z5:conf=0.58,True,0.7875,cache
1780468898.5796826,Q2,Z5,area:Z5:conf=0.242,True,0.7972,cache
1780468898.580538,Q2,Z5,area:Z5:conf=0.242,True,0.8006,cache
1780468898.581406,Q1,Z4,count:Z4:conf=0.757,True,0.815,cache
1780468898.58231,Q2,Z5,area:Z5:conf=0.242,True,0.8269,cache
1780468898.5831497,Q2,Z5,area:Z5:conf=0.58,True,0.7864,cache
1780468898.5839968,Q2,Z5,area:Z5:conf=0.58,True,0.7908,cache
1780468898.5848458,Q2,Z5,area:Z5:conf=0.58,True,0.7958,cache
1780468898.585735,Q3,Z1,density:Z1:conf=0.129,True,0.8324,cache
1780468898.586584,Q2,Z5,area:Z5:conf=0.58,True,0.7921,cache
1780468898.5904894,Q4,Z4,compare:density:Z4:Z5:conf=0.483,False,3.8485,engine
1780468898.5914404,Q2,Z5,area:Z5:conf=0.58,True,0.8775,cache
1780468898.5922832,Q2,Z5,area:Z5:conf=0.58,True,0.8049,cache
1780468898.5931354,Q2,Z5,area:Z5:conf=0.58,True,0.7971,cache
1780468898.5939813,Q2,Z5,area:Z5:conf=0.58,True,0.7911,cache
1780468898.5948417,Q2,Z3,area:Z3:conf=0.853,True,0.8058,cache
1780468898.5956883,Q2,Z5,area:Z5:conf=0.242,True,0.7924,cache
1780468898.596539,Q2,Z5,area:Z5:conf=0.58,True,0.7971,cache
1780468898.5973732,Q3,Z1,density:Z1:conf=0.773,True,0.7786,cache
1780468898.5979853,Q4,Z3,compare:density:Z3:Z4:conf=0.564,True,0.5572,cache
1780468898.6017818,Q4,Z2,compare:density:Z2:Z4:conf=0.048,False,3.7402,engine
1780468898.6055415,Q4,Z2,compare:density:Z2:Z5:conf=0.628,False,3.6814,engine
1780468898.606477,Q3,Z1,density:Z1:conf=0.773,True,0.8839,cache
1780468898.6073434,Q3,Z1,density:Z1:conf=0.66,True,0.8278,cache
1780468898.6082032,Q2,Z3,area:Z3:conf=0.853,True,0.8009,cache
1780468898.6090493,Q2,Z5,area:Z5:conf=0.242,True,0.7914,cache
1780468898.6098974,Q1,Z3,count:Z3:conf=0.708,True,0.7915,cache
1780468898.6107528,Q2,Z5,area:Z5:conf=0.58,True,0.8011,cache
1780468898.611373,Q4,Z2,compare:density:Z2:Z3:conf=0.354,True,0.5633,cache
1780468898.615095,Q4,Z1,compare:density:Z1:Z2:conf=0.435,False,3.6614,engine
1780468898.616125,Q2,Z5,area:Z5:conf=0.58,True,0.9785,cache
1780468898.6169684,Q1,Z1,count:Z1:conf=0.805,True,0.8061,cache
1780468898.6178539,Q2,Z4,area:Z4:conf=0.225,True,0.8268,cache
1780468898.6187,Q2,Z5,area:Z5:conf=0.58,True,0.7947,cache
1780468898.6195445,Q2,Z5,area:Z5:conf=0.242,True,0.7856,cache
1780468898.6203969,Q3,Z1,density:Z1:conf=0.129,True,0.8006,cache
1780468898.6241121,Q4,Z2,compare:density:Z2:Z5:conf=0.531,False,3.6567,engine
1780468898.625058,Q2,Z5,area:Z5:conf=0.58,True,0.8707,cache
1780468898.625873,Q2,Z5,area:Z5:conf=0.58,True,0.7764,cache
1780468898.6267128,Q1,Z3,count:Z3:conf=0.708,True,0.7846,cache
1780468898.6275592,Q2,Z5,area:Z5:conf=0.58,True,0.7902,cache
1780468898.628387,Q2,Z5,area:Z5:conf=0.58,True,0.775,cache
1780468898.6292348,Q2,Z5,area:Z5:conf=0.58,True,0.7918,cache
1780468898.6300678,Q2,Z5,area:Z5:conf=0.58,True,0.7803,cache
1780468898.6309724,Q3,Z2,density:Z2:conf=0.354,True,0.8487,cache
1780468898.6318626,Q3,Z1,density:Z1:conf=0.773,True,0.8293,cache
1780468898.632484,Q4,Z3,compare:density:Z3:Z4:conf=0.564,True,0.5619,cache
1780468898.633333,Q3,Z1,density:Z1:conf=0.242,True,0.7939,cache
1780468898.6341677,Q2,Z5,area:Z5:conf=0.242,True,0.7792,cache
1780468898.635045,Q2,Z5,area:Z5:conf=0.58,True,0.8221,cache
1780468898.636007,Q2,Z5,area:Z5:conf=0.58,True,0.9035,cache
1780468898.636937,Q2,Z5,area:Z5:conf=0.58,True,0.8425,cache
1780468898.6378243,Q2,Z5,area:Z5:conf=0.58,True,0.8162,cache
1780468898.6386755,Q2,Z5,area:Z5:conf=0.58,True,0.7886,cache
1780468898.6395328,Q2,Z5,area:Z5:conf=0.58,True,0.7993,cache
1780468898.640373,Q2,Z5,area:Z5:conf=0.58,True,0.787,cache
1780468898.6412873,Q3,Z1,density:Z1:conf=0.773,True,0.8575,cache
1780468898.6420088,Q4,Z3,compare:density:Z3:Z4:conf=0.564,True,0.6334,cache
1780468898.6429167,Q1,Z5,count:Z5:conf=0.129,True,0.8438,cache
1780468898.6437695,Q2,Z3,area:Z3:conf=0.853,True,0.8122,cache
1780468898.6446493,Q3,Z2,density:Z2:conf=0.354,True,0.8207,cache
1780468898.6456156,Q2,Z5,area:Z5:conf=0.58,True,0.8504,cache
1780468898.6464887,Q3,Z2,density:Z2:conf=0.354,True,0.8108,cache
1780468898.6473875,Q2,Z5,area:Z5:conf=0.58,True,0.8359,cache
1780468898.648285,Q2,Z5,area:Z5:conf=0.242,True,0.8334,cache
1780468898.649205,Q2,Z5,area:Z5:conf=0.58,True,0.855,cache
1780468898.6501148,Q2,Z5,area:Z5:conf=0.242,True,0.8472,cache
1780468898.65101,Q2,Z5,area:Z5:conf=0.58,True,0.8251,cache
1780468898.651899,Q3,Z1,density:Z1:conf=0.773,True,0.8282,cache
1780468898.652765,Q3,Z1,density:Z1:conf=0.451,True,0.8081,cache
1780468898.6542697,Q3,Z1,density:Z1:conf=0.242,True,0.8358,cache
1780468898.6549163,Q4,Z3,compare:density:Z3:Z4:conf=0.564,True,0.5881,cache
1780468898.6557832,Q3,Z2,density:Z2:conf=0.354,True,0.8091,cache
1780468898.6566396,Q2,Z5,area:Z5:conf=0.58,True,0.8199,cache
1780468898.6575093,Q2,Z4,area:Z4:conf=0.708,True,0.8077,cache
1780468898.6583447,Q3,Z2,density:Z2:conf=0.354,True,0.7829,cache
1780468898.659242,Q2,Z5,area:Z5:conf=0.58,True,0.8413,cache
1780468898.6601133,Q2,Z5,area:Z5:conf=0.58,True,0.8183,cache
1780468898.6610246,Q1,Z5,count:Z5:conf=0.129,True,0.8522,cache
1780468898.6616435,Q4,Z3,compare:density:Z3:Z4:conf=0.564,True,0.5611,cache
1780468898.6625173,Q2,Z5,area:Z5:conf=0.242,True,0.8105,cache
1780468898.6631014,Q4,Z3,compare:density:Z3:Z4:conf=0.564,True,0.5499,cache
1780468898.663943,Q2,Z5,area:Z5:conf=0.242,True,0.7837,cache
1780468898.664772,Q2,Z5,area:Z5:conf=0.242,True,0.7949,cache
1780468898.665656,Q2,Z5,area:Z5:conf=0.58,True,0.8275,cache
1780468898.6665003,Q2,Z5,area:Z5:conf=0.242,True,0.7898,cache
1780468898.667365,Q3,Z1,density:Z1:conf=0.773,True,0.8084,cache
1780468898.6682036,Q2,Z5,area:Z5:conf=0.58,True,0.7865,cache
1780468898.6690526,Q2,Z3,area:Z3:conf=0.853,True,0.7919,cache
1780468898.6698842,Q2,Z5,area:Z5:conf=0.58,True,0.7784,cache
1780468898.6707373,Q3,Z1,density:Z1:conf=0.773,True,0.7976,cache
1780468898.6713367,Q4,Z3,compare:density:Z3:Z4:conf=0.564,True,0.5467,cache
1780468898.6722002,Q3,Z1,density:Z1:conf=0.773,True,0.7982,cache
1780468898.6727967,Q4,Z3,compare:density:Z3:Z4:conf=0.564,True,0.5614,cache
1780468898.6734078,Q4,Z3,compare:density:Z3:Z5:conf=0.193,True,0.5545,cache
1780468898.6742263,Q2,Z5,area:Z5:conf=0.242,True,0.781,cache
1780468898.6750484,Q2,Z4,area:Z4:conf=0.708,True,0.7858,cache
1780468898.6759727,Q1,Z3,count:Z3:conf=0.708,True,0.8671,cache
1780468898.6768355,Q2,Z5,area:Z5:conf=0.58,True,0.8065,cache
1780468898.6776788,Q2,Z5,area:Z5:conf=0.58,True,0.7885,cache
1780468898.6785104,Q2,Z5,area:Z5:conf=0.242,True,0.7776,cache
1780468898.6793742,Q2,Z5,area:Z5:conf=0.58,True,0.8085,cache
1780468898.6802208,Q2,Z5,area:Z5:conf=0.58,True,0.7944,cache
1780468898.6833954,Q2,Z5,area:Z5:conf=0.242,True,3.1181,cache
1780468898.6841302,Q4,Z3,compare:density:Z3:Z4:conf=0.564,True,0.6341,cache
1780468898.6851265,Q2,Z5,area:Z5:conf=0.58,True,0.93,cache
1780468898.6860075,Q2,Z4,area:Z4:conf=0.419,True,0.8365,cache
1780468898.6869001,Q2,Z5,area:Z5:conf=0.242,True,0.8377,cache
1780468898.6877568,Q1,Z3,count:Z3:conf=0.708,True,0.8023,cache
1780468898.6885972,Q2,Z5,area:Z5:conf=0.58,True,0.7839,cache
1780468898.6894333,Q2,Z5,area:Z5:conf=0.242,True,0.7823,cache
1780468898.6902921,Q2,Z5,area:Z5:conf=0.58,True,0.8024,cache
1780468898.69118,Q3,Z1,density:Z1:conf=0.773,True,0.8327,cache
1780468898.6920645,Q2,Z5,area:Z5:conf=0.58,True,0.8037,cache
1780468898.692909,Q2,Z5,area:Z5:conf=0.612,True,0.7897,cache
1780468898.6937575,Q2,Z5,area:Z5:conf=0.58,True,0.7939,cache
1780468898.6945984,Q3,Z2,density:Z2:conf=0.354,True,0.7861,cache
1780468898.6954505,Q2,Z5,area:Z5:conf=0.58,True,0.796,cache
1780468898.696064,Q4,Z3,compare:density:Z3:Z4:conf=0.564,True,0.5598,cache
1780468898.6969118,Q2,Z5,area:Z5:conf=0.242,True,0.7902,cache
1780468898.697787,Q2,Z5,area:Z5:conf=0.58,True,0.8389,cache
1780468898.6986473,Q2,Z5,area:Z5:conf=0.58,True,0.8036,cache
1780468898.69949,Q2,Z5,area:Z5:conf=0.58,True,0.7879,cache
1780468898.7003503,Q2,Z5,area:Z5:conf=0.58,True,0.8047,cache
1780468898.7053552,Q3,Z3,density:Z3:conf=0.29,False,4.95,engine
1780468898.7063649,Q2,Z5,area:Z5:conf=0.242,True,0.8892,cache
1780468898.7072248,Q2,Z5,area:Z5:conf=0.58,True,0.8039,cache
1780468898.7080815,Q1,Z5,count:Z5:conf=0.773,True,0.8006,cache
1780468898.7089396,Q2,Z5,area:Z5:conf=0.58,True,0.8043,cache
1780468898.709785,Q2,Z5,area:Z5:conf=0.242,True,0.791,cache
1780468898.7106385,Q2,Z4,area:Z4:conf=0.708,True,0.7975,cache
1780468898.7115157,Q2,Z4,area:Z4:conf=0.853,True,0.821,cache
1780468898.7124326,Q1,Z3,count:Z3:conf=0.708,True,0.862,cache
1780468898.7134016,Q2,Z5,area:Z5:conf=0.242,True,0.8937,cache
1780468898.7140772,Q4,Z3,compare:density:Z3:Z5:conf=0.419,True,0.6188,cache
1780468898.7149413,Q2,Z5,area:Z5:conf=0.58,True,0.8058,cache
1780468898.7195623,Q3,Z3,density:Z3:conf=0.032,False,4.5833,engine
1780468898.7202048,Q4,Z2,compare:density:Z2:Z3:conf=0.37,True,0.5736,cache
1780468898.72083,Q4,Z3,compare:density:Z3:Z5:conf=0.58,True,0.5694,cache
1780468898.7216945,Q2,Z5,area:Z5:conf=0.58,True,0.8248,cache
1780468898.7225413,Q2,Z5,area:Z5:conf=0.58,True,0.8085,cache
1780468898.7233877,Q3,Z1,density:Z1:conf=0.773,True,0.7896,cache
1780468898.7242553,Q2,Z5,area:Z5:conf=0.242,True,0.8151,cache
1780468898.7250986,Q2,Z5,area:Z5:conf=0.242,True,0.7887,cache
1780468898.7257082,Q4,Z2,compare:density:Z2:Z3:conf=0.773,True,0.5566,cache
1780468898.726267,Q4,Z3,compare:density:Z3:Z4:conf=0.564,True,0.5012,cache
1780468898.7270768,Q2,Z5,area:Z5:conf=0.58,True,0.7724,cache
1780468898.7279265,Q2,Z5,area:Z5:conf=0.242,True,0.8132,cache
1780468898.7287745,Q2,Z5,area:Z5:conf=0.58,True,0.7937,cache
1780468898.7296975,Q2,Z5,area:Z5:conf=0.58,True,0.8506,cache
1780468898.730547,Q2,Z5,area:Z5:conf=0.58,True,0.7947,cache
1780468898.7314177,Q3,Z4,density:Z4:conf=0.853,True,0.8153,cache
1780468898.7322888,Q1,Z3,count:Z3:conf=0.708,True,0.7955,cache
1780468898.7331347,Q3,Z2,density:Z2:conf=0.354,True,0.7913,cache
1780468898.7339785,Q2,Z5,area:Z5:conf=0.58,True,0.7886,cache
1780468898.734826,Q3,Z1,density:Z1:conf=0.773,True,0.7946,cache
1780468898.7356646,Q3,Z4,density:Z4:conf=0.853,True,0.7841,cache
1780468898.7363408,Q4,Z1,compare:density:Z1:Z3:conf=0.596,True,0.6235,cache
1780468898.7372093,Q3,Z2,density:Z2:conf=0.354,True,0.8125,cache
1780468898.7380376,Q3,Z1,density:Z1:conf=0.66,True,0.7924,cache
1780468898.7388926,Q2,Z5,area:Z5:conf=0.242,True,0.8006,cache
1780468898.7397418,Q2,Z5,area:Z5:conf=0.242,True,0.7963,cache
1780468898.7405763,Q1,Z4,count:Z4:conf=0.37,True,0.7795,cache
1780468898.7414412,Q2,Z5,area:Z5:conf=0.58,True,0.8121,cache
1780468898.7423022,Q2,Z5,area:Z5:conf=0.242,True,0.8066,cache
1780468898.7431545,Q2,Z5,area:Z5:conf=0.58,True,0.7988,cache
1780468898.744264,Q2,Z5,area:Z5:conf=0.242,True,1.0504,cache
1780468898.7451622,Q3,Z2,density:Z2:conf=0.354,True,0.8309,cache
1780468898.7460148,Q3,Z1,density:Z1:conf=0.773,True,0.7976,cache
1780468898.746862,Q2,Z5,area:Z5:conf=0.242,True,0.7941,cache
1780468898.74771,Q2,Z5,area:Z5:conf=0.58,True,0.795,cache
1780468898.7485573,Q1,Z4,count:Z4:conf=0.37,True,0.794,cache
1780468898.7494028,Q2,Z5,area:Z5:conf=0.58,True,0.7906,cache
1780468898.7497315,Q1,Z2,count:Z2:conf=0.934,True,0.2758,cache
1780468898.7505908,Q2,Z5,area:Z5:conf=0.58,True,0.8027,cache
1780468898.7514775,Q3,Z2,density:Z2:conf=0.354,True,0.8243,cache
1780468898.75236,Q3,Z2,density:Z2:conf=0.354,True,0.795,cache
1780468898.7531943,Q1,Z5,count:Z5:conf=0.0,True,0.7804,cache
1780468898.7540417,Q2,Z5,area:Z5:conf=0.58,True,0.7928,cache
1780468898.7548873,Q1,Z1,count:Z1:conf=0.242,True,0.7928,cache
1780468898.7557251,Q3,Z2,density:Z2:conf=0.354,True,0.7825,cache
1780468898.7567077,Q3,Z2,density:Z2:conf=0.354,True,0.9297,cache
1780468898.7576485,Q2,Z5,area:Z5:conf=0.242,True,0.8373,cache
1780468898.7585485,Q2,Z5,area:Z5:conf=0.58,True,0.8484,cache
1780468898.7594438,Q2,Z5,area:Z5:conf=0.242,True,0.836,cache
1780468898.760338,Q2,Z5,area:Z5:conf=0.58,True,0.842,cache
1780468898.7612207,Q2,Z5,area:Z5:conf=0.58,True,0.8265,cache
1780468898.7618625,Q4,Z3,compare:density:Z3:Z4:conf=0.564,True,0.5789,cache
1780468898.7630265,Q2,Z5,area:Z5:conf=0.242,True,1.1073,cache
1780468898.763845,Q2,Z5,area:Z5:conf=0.58,True,0.7825,cache
1780468898.7646828,Q2,Z5,area:Z5:conf=0.58,True,0.7822,cache
1780468898.765522,Q2,Z5,area:Z5:conf=0.58,True,0.7874,cache
1780468898.766423,Q2,Z5,area:Z5:conf=0.58,True,0.7897,cache
1780468898.767034,Q4,Z3,compare:density:Z3:Z4:conf=0.564,True,0.5574,cache
1780468898.7678792,Q2,Z5,area:Z5:conf=0.58,True,0.7899,cache
1780468898.768461,Q4,Z1,compare:density:Z1:Z3:conf=0.596,True,0.5454,cache
1780468898.7693067,Q2,Z5,area:Z5:conf=0.58,True,0.7894,cache
1780468898.770139,Q2,Z5,area:Z5:conf=0.58,True,0.7966,cache
1780468898.7709801,Q1,Z3,count:Z3:conf=0.757,True,0.7871,cache
1780468898.771813,Q2,Z5,area:Z5:conf=0.58,True,0.7796,cache
1780468898.772644,Q2,Z5,area:Z5:conf=0.242,True,0.7768,cache
1780468898.7735035,Q1,Z5,count:Z5:conf=0.016,True,0.8052,cache
1780468898.7743874,Q4,Z2,compare:density:Z2:Z3:conf=0.596,True,0.827,cache
1780468898.7753272,Q2,Z4,area:Z4:conf=0.708,True,0.871,cache
1780468898.7761507,Q2,Z5,area:Z5:conf=0.58,True,0.7863,cache
1780468898.7771714,Q3,Z2,density:Z2:conf=0.354,True,0.9647,cache
1780468898.7813709,Q4,Z1,compare:density:Z1:Z2:conf=0.451,False,4.1318,engine
1780468898.7860851,Q1,Z5,count:Z5:conf=0.097,False,4.5896,engine
1780468898.7871346,Q2,Z5,area:Z5:conf=0.58,True,0.9463,cache
1780468898.7880175,Q2,Z5,area:Z5:conf=0.242,True,0.8033,cache
1780468898.7888715,Q2,Z5,area:Z5:conf=0.58,True,0.7984,cache
1780468898.7897463,Q2,Z5,area:Z5:conf=0.58,True,0.82,cache
1780468898.7905595,Q1,Z3,count:Z3:conf=0.708,True,0.7604,cache
1780468898.791374,Q2,Z5,area:Z5:conf=0.58,True,0.7603,cache
1780468898.7922475,Q2,Z5,area:Z5:conf=0.58,True,0.8074,cache
1780468898.7930982,Q2,Z5,area:Z5:conf=0.58,True,0.7963,cache
1780468898.7939403,Q2,Z5,area:Z5:conf=0.242,True,0.7879,cache
1780468898.794781,Q2,Z5,area:Z5:conf=0.58,True,0.7871,cache
1780468898.7956417,Q2,Z5,area:Z5:conf=0.242,True,0.8072,cache
1780468898.796525,Q2,Z5,area:Z5:conf=0.58,True,0.8288,cache
1780468898.8019664,Q3,Z2,density:Z2:conf=0.435,False,4.7619,engine
1780468898.8028796,Q2,Z5,area:Z5:conf=0.58,True,0.8137,cache
1780468898.8037386,Q2,Z5,area:Z5:conf=0.242,True,0.8027,cache
1780468898.804663,Q2,Z5,area:Z5:conf=0.58,True,0.8694,cache
1780468898.8055182,Q2,Z5,area:Z5:conf=0.58,True,0.8013,cache
1780468898.8063586,Q2,Z5,area:Z5:conf=0.58,True,0.7837,cache
1780468898.8072221,Q2,Z5,area:Z5:conf=0.58,True,0.8089,cache
1780468898.8080907,Q2,Z5,area:Z5:conf=0.58,True,0.8144,cache
1780468898.8089366,Q2,Z5,area:Z5:conf=0.242,True,0.7927,cache
1780468898.80954,Q4,Z3,compare:density:Z3:Z4:conf=0.564,True,0.548,cache
1780468898.8104103,Q2,Z5,area:Z5:conf=0.58,True,0.814,cache
1780468898.811254,Q2,Z5,area:Z5:conf=0.242,True,0.804,cache
1780468898.812127,Q3,Z2,density:Z2:conf=0.354,True,0.8061,cache
1780468898.8129597,Q2,Z5,area:Z5:conf=0.58,True,0.7787,cache
1780468898.8137994,Q2,Z5,area:Z5:conf=0.58,True,0.7839,cache
1780468898.8146324,Q2,Z5,area:Z5:conf=0.58,True,0.7802,cache
1780468898.8154902,Q2,Z5,area:Z5:conf=0.58,True,0.8029,cache
1780468898.8163385,Q2,Z5,area:Z5:conf=0.242,True,0.7966,cache
1780468898.8213923,Q1,Z2,count:Z2:conf=0.789,False,4.9962,engine
1780468898.8262105,Q1,Z4,count:Z4:conf=0.451,False,4.6777,engine
1780468898.8307295,Q1,Z4,count:Z4:conf=0.386,False,4.4035,engine
1780468898.8316057,Q2,Z5,area:Z5:conf=0.242,True,0.8082,cache
1780468898.8324451,Q2,Z5,area:Z5:conf=0.58,True,0.7835,cache
1780468898.8332748,Q2,Z5,area:Z5:conf=0.58,True,0.775,cache
1780468898.8341165,Q2,Z5,area:Z5:conf=0.58,True,0.7878,cache
1780468898.8349679,Q2,Z5,area:Z5:conf=0.58,True,0.7972,cache
1780468898.8358316,Q2,Z5,area:Z5:conf=0.58,True,0.8098,cache
1780468898.8366969,Q2,Z5,area:Z5:conf=0.242,True,0.81,cache
1780468898.8375633,Q2,Z5,area:Z5:conf=0.58,True,0.8124,cache
1780468898.8384247,Q2,Z5,area:Z5:conf=0.58,True,0.8081,cache
1780468898.839282,Q2,Z4,area:Z4:conf=0.708,True,0.8023,cache
1780468898.8401556,Q2,Z5,area:Z5:conf=0.58,True,0.8186,cache
1780468898.8410444,Q3,Z1,density:Z1:conf=0.097,True,0.8346,cache
1780468898.8419158,Q2,Z5,area:Z5:conf=0.58,True,0.8065,cache
1780468898.8427687,Q3,Z2,density:Z2:conf=0.354,True,0.7971,cache
1780468898.84362,Q2,Z5,area:Z5:conf=0.58,True,0.7975,cache
1780468898.8444972,Q2,Z5,area:Z5:conf=0.242,True,0.822,cache
1780468898.845363,Q2,Z5,area:Z5:conf=0.58,True,0.8105,cache
1780468898.846197,Q2,Z5,area:Z5:conf=0.58,True,0.7795,cache
1780468898.8468027,Q4,Z3,compare:density:Z3:Z4:conf=0.564,True,0.5514,cache
1780468898.847642,Q2,Z5,area:Z5:conf=0.58,True,0.7837,cache
1780468898.8484726,Q2,Z5,area:Z5:conf=0.58,True,0.7958,cache
1780468898.849328,Q1,Z5,count:Z5:conf=0.338,True,0.803,cache
1780468898.8501678,Q2,Z5,area:Z5:conf=0.58,True,0.7854,cache
1780468898.8510082,Q3,Z2,density:Z2:conf=0.354,True,0.7858,cache
1780468898.852052,Q3,Z2,density:Z2:conf=0.354,True,0.9852,cache
1780468898.8529298,Q2,Z5,area:Z5:conf=0.58,True,0.8179,cache
1780468898.8537836,Q2,Z5,area:Z5:conf=0.242,True,0.7981,cache
1780468898.8546202,Q2,Z5,area:Z5:conf=0.58,True,0.7829,cache
1780468898.8554804,Q2,Z4,area:Z4:conf=0.708,True,0.8049,cache
1780468898.8563445,Q2,Z5,area:Z5:conf=0.58,True,0.8096,cache
1780468898.8571928,Q2,Z5,area:Z5:conf=0.58,True,0.7936,cache
1780468898.858071,Q2,Z5,area:Z5:conf=0.58,True,0.8127,cache
1780468898.8589294,Q3,Z1,density:Z1:conf=0.612,True,0.8041,cache
1780468898.859779,Q2,Z3,area:Z3:conf=0.853,True,0.7956,cache
1780468898.8606384,Q1,Z5,count:Z5:conf=0.097,True,0.8054,cache
1780468898.8612833,Q4,Z3,compare:density:Z3:Z4:conf=0.564,True,0.5905,cache
1780468898.8621373,Q3,Z1,density:Z1:conf=0.773,True,0.7987,cache
1780468898.8629637,Q2,Z5,area:Z5:conf=0.242,True,0.7919,cache
1780468898.8641882,Q3,Z5,density:Z5:conf=0.644,True,1.1683,cache
1780468898.8650875,Q2,Z5,area:Z5:conf=0.242,True,0.8372,cache
1780468898.8659277,Q2,Z5,area:Z5:conf=0.58,True,0.7847,cache
1780468898.8665586,Q4,Z3,compare:density:Z3:Z4:conf=0.564,True,0.5756,cache
1780468898.8674462,Q3,Z2,density:Z2:conf=0.354,True,0.8131,cache
1780468898.8682768,Q2,Z5,area:Z5:conf=0.58,True,0.796,cache
1780468898.869115,Q2,Z5,area:Z5:conf=0.242,True,0.7828,cache
1780468898.8699396,Q2,Z5,area:Z5:conf=0.58,True,0.771,cache
1780468898.8708572,Q2,Z2,area:Z2:conf=0.547,True,0.8616,cache
1780468898.8717153,Q2,Z5,area:Z5:conf=0.58,True,0.7989,cache
1780468898.872571,Q3,Z1,density:Z1:conf=0.66,True,0.7925,cache
1780468898.8734093,Q2,Z5,area:Z5:conf=0.242,True,0.7846,cache
1780468898.8740425,Q4,Z2,compare:density:Z2:Z3:conf=0.354,True,0.578,cache
1780468898.8749251,Q2,Z5,area:Z5:conf=0.58,True,0.8271,cache
1780468898.8755062,Q4,Z2,compare:density:Z2:Z3:conf=0.773,True,0.5443,cache
1780468898.8763416,Q2,Z5,area:Z5:conf=0.242,True,0.781,cache
1780468898.8771696,Q2,Z5,area:Z5:conf=0.58,True,0.7922,cache
1780468898.8780077,Q2,Z5,area:Z5:conf=0.58,True,0.783,cache
1780468898.8788583,Q2,Z5,area:Z5:conf=0.58,True,0.7981,cache
1780468898.8797078,Q2,Z5,area:Z5:conf=0.58,True,0.7947,cache
1780468898.8805535,Q2,Z4,area:Z4:conf=0.708,True,0.7924,cache
1780468898.8857386,Q4,Z2,compare:density:Z2:Z4:conf=0.676,False,5.1101,engine
1780468898.88702,Q3,Z1,density:Z1:conf=0.773,True,1.0461,cache
1780468898.8881996,Q3,Z2,density:Z2:conf=0.354,True,1.1358,cache
1780468898.8891568,Q2,Z5,area:Z5:conf=0.242,True,0.8875,cache
1780468898.8900266,Q1,Z5,count:Z5:conf=0.0,True,0.7983,cache
1780468898.8906593,Q4,Z2,compare:density:Z2:Z3:conf=0.37,True,0.5774,cache
1780468898.8915248,Q2,Z5,area:Z5:conf=0.58,True,0.8085,cache
1780468898.8953364,Q4,Z2,compare:density:Z2:Z5:conf=0.354,False,3.7752,engine
1780468898.8962786,Q2,Z5,area:Z5:conf=0.242,True,0.877,cache
1780468898.8971117,Q2,Z4,area:Z4:conf=0.419,True,0.7955,cache
1780468898.9023283,Q2,Z1,area:Z1:conf=0.692,False,5.1593,engine
1780468898.9033458,Q1,Z3,count:Z3:conf=0.708,True,0.8672,cache
1780468898.9042065,Q2,Z5,area:Z5:conf=0.58,True,0.7925,cache
1780468898.905071,Q3,Z2,density:Z2:conf=0.354,True,0.8121,cache
1780468898.9059184,Q2,Z5,area:Z5:conf=0.58,True,0.7914,cache
1780468898.9067721,Q3,Z1,density:Z1:conf=0.708,True,0.8007,cache
1780468898.9076731,Q2,Z5,area:Z5:conf=0.58,True,0.8437,cache
1780468898.9085138,Q1,Z3,count:Z3:conf=0.708,True,0.7885,cache
1780468898.9132833,Q4,Z2,compare:density:Z2:Z3:conf=0.805,False,4.7128,engine
1780468898.914399,Q2,Z5,area:Z5:conf=0.58,True,0.9487,cache
1780468898.9153016,Q2,Z5,area:Z5:conf=0.242,True,0.8606,cache
1780468898.915945,Q4,Z3,compare:density:Z3:Z4:conf=0.564,True,0.5557,cache
1780468898.9167945,Q2,Z5,area:Z5:conf=0.242,True,0.793,cache
1780468898.9176672,Q2,Z5,area:Z5:conf=0.58,True,0.838,cache
1780468898.918497,Q2,Z5,area:Z5:conf=0.58,True,0.7751,cache
1780468898.9193485,Q2,Z5,area:Z5:conf=0.242,True,0.7987,cache
1780468898.9199803,Q4,Z3,compare:density:Z3:Z4:conf=0.564,True,0.5756,cache
1780468898.920834,Q3,Z2,density:Z2:conf=0.354,True,0.7995,cache
1780468898.921699,Q2,Z5,area:Z5:conf=0.58,True,0.829,cache
1780468898.922553,Q2,Z5,area:Z5:conf=0.242,True,0.8007,cache
1780468898.9233978,Q2,Z5,area:Z5:conf=0.58,True,0.7907,cache
1780468898.9243033,Q2,Z5,area:Z5:conf=0.58,True,0.8416,cache
1780468898.9253888,Q2,Z4,area:Z4:conf=0.708,True,1.0305,cache
1780468898.9263551,Q2,Z5,area:Z5:conf=0.58,True,0.8833,cache
1780468898.927303,Q3,Z2,density:Z2:conf=0.354,True,0.8838,cache
1780468898.9276083,Q1,Z2,count:Z2:conf=0.934,True,0.2523,cache
1780468898.928446,Q3,Z2,density:Z2:conf=0.354,True,0.7809,cache
1780468898.9290826,Q4,Z3,compare:density:Z3:Z4:conf=0.564,True,0.6213,cache
1780468898.9299796,Q2,Z5,area:Z5:conf=0.58,True,0.8413,cache
1780468898.9308684,Q2,Z5,area:Z5:conf=0.58,True,0.852,cache
1780468898.9317431,Q2,Z5,area:Z5:conf=0.58,True,0.8105,cache
1780468898.9323592,Q4,Z2,compare:density:Z2:Z3:conf=0.354,True,0.5533,cache
1780468898.9332042,Q1,Z1,count:Z1:conf=0.805,True,0.789,cache
1780468898.9340353,Q2,Z5,area:Z5:conf=0.58,True,0.7955,cache
1780468898.9349182,Q2,Z5,area:Z5:conf=0.58,True,0.8271,cache
1780468898.9357526,Q2,Z5,area:Z5:conf=0.58,True,0.7824,cache
1780468898.936587,Q3,Z2,density:Z2:conf=0.354,True,0.7789,cache
1780468898.9371889,Q4,Z3,compare:density:Z3:Z4:conf=0.564,True,0.5526,cache
1780468898.938049,Q3,Z1,density:Z1:conf=0.773,True,0.8032,cache
1780468898.9388666,Q3,Z5,density:Z5:conf=0.644,True,0.7811,cache
1780468898.9397378,Q2,Z5,area:Z5:conf=0.58,True,0.8164,cache
1780468898.9406211,Q3,Z1,density:Z1:conf=0.773,True,0.8321,cache
1780468898.9414945,Q3,Z2,density:Z2:conf=0.354,True,0.8138,cache
1780468898.9423373,Q2,Z5,area:Z5:conf=0.58,True,0.7871,cache
1780468898.943187,Q3,Z5,density:Z5:conf=0.403,True,0.7932,cache
1780468898.9441504,Q2,Z5,area:Z5:conf=0.58,True,0.911,cache
1780468898.945132,Q1,Z3,count:Z3:conf=0.708,True,0.8884,cache
1780468898.946033,Q2,Z4,area:Z4:conf=0.708,True,0.8449,cache
1780468898.9468997,Q1,Z3,count:Z3:conf=0.322,True,0.8087,cache
1780468898.9477334,Q2,Z5,area:Z5:conf=0.242,True,0.7817,cache
1780468898.9485693,Q2,Z5,area:Z5:conf=0.58,True,0.7817,cache
1780468898.949417,Q3,Z5,density:Z5:conf=0.032,True,0.7958,cache
1780468898.9503121,Q3,Z1,density:Z1:conf=0.242,True,0.8388,cache
1780468898.9511762,Q2,Z5,area:Z5:conf=0.242,True,0.8121,cache
1780468898.952051,Q3,Z1,density:Z1:conf=0.242,True,0.8195,cache
1780468898.9529061,Q2,Z5,area:Z5:conf=0.58,True,0.8046,cache
1780468898.9537601,Q3,Z2,density:Z2:conf=0.354,True,0.7986,cache
1780468898.9546032,Q2,Z3,area:Z3:conf=0.596,True,0.7917,cache
1780468898.9554625,Q2,Z5,area:Z5:conf=0.58,True,0.8038,cache
1780468898.9562993,Q2,Z5,area:Z5:conf=0.242,True,0.7869,cache
